Date,EUA
08/02/2024,70.44
08/01/2024,71.17
07/31/2024,69.24
07/30/2024,68.58
07/29/2024,68.78
07/26/2024,67.71
07/25/2024,67.08
07/24/2024,68.9
07/23/2024,65.79
07/22/2024,64.79
07/19/2024,66
07/18/2024,66.11
07/17/2024,66.42
07/16/2024,67.94
07/15/2024,67.58
07/12/2024,69.35
07/11/2024,68.52
07/10/2024,67.96
07/09/2024,68.52
07/08/2024,69.04
07/05/2024,70.35
07/04/2024,70.18
07/03/2024,70.91
07/02/2024,70.93
07/01/2024,68.33
06/28/2024,67.36
06/27/2024,66.49
06/26/2024,67.23
06/25/2024,67.8
06/24/2024,67.56
06/21/2024,68.05
06/20/2024,69.19
06/19/2024,70.74
06/18/2024,68.38
06/17/2024,68.16
06/14/2024,68.53
06/13/2024,70.87
06/12/2024,70.3
06/11/2024,70.41
06/10/2024,70.91
06/07/2024,71.42
06/06/2024,71.53
06/05/2024,72
06/04/2024,72.58
06/03/2024,74.63
05/31/2024,74.07
05/30/2024,75.2
05/29/2024,73.95
05/28/2024,74.6
05/27/2024,76.51
05/24/2024,75.78
05/23/2024,76.1
05/22/2024,76.67
05/21/2024,76.2
05/20/2024,74.24
05/17/2024,70.52
05/16/2024,70.79
05/15/2024,69.19
05/14/2024,70.1
05/13/2024,70.07
05/10/2024,71.59
05/09/2024,73.62
05/08/2024,71.92
05/07/2024,70.85
05/06/2024,73.67
05/03/2024,71.84
05/02/2024,72.69
05/01/2024,67.91
04/30/2024,69.2
04/29/2024,65.8
04/26/2024,67.51
04/25/2024,68.41
04/24/2024,66.85
04/23/2024,66.38
04/22/2024,66.4
04/19/2024,68.52
04/18/2024,71.55
04/17/2024,70.33
04/16/2024,74.25
04/15/2024,70.16
04/12/2024,71.64
04/11/2024,68.83
04/10/2024,62.85
04/09/2024,63.96
04/08/2024,63.39
04/05/2024,61.01
04/04/2024,58.39
04/03/2024,57.55
04/02/2024,58.9
03/28/2024,61.93
03/27/2024,62.61
03/26/2024,63
03/25/2024,64.84
03/22/2024,61.5
03/21/2024,59.37
03/20/2024,60.01
03/19/2024,61.31
03/18/2024,61.42
03/15/2024,59.38
03/14/2024,58.8
03/13/2024,55.87
03/12/2024,57
03/11/2024,56.13
03/08/2024,58.5
03/07/2024,59.44
03/06/2024,58.79
03/05/2024,60
03/04/2024,57.28
03/01/2024,56.31
02/29/2024,56.44
02/28/2024,57.21
02/27/2024,55.96
02/26/2024,53.83
02/23/2024,52.51
02/22/2024,52.59
02/21/2024,54.51
02/20/2024,54.21
02/19/2024,53.14
02/16/2024,57.11
02/15/2024,57.95
02/14/2024,56.44
02/13/2024,56.65
02/12/2024,57.2
02/09/2024,58.8
02/08/2024,60.71
02/07/2024,62.32
02/06/2024,63.49
02/05/2024,62.59
02/02/2024,63.5
02/01/2024,62.32
01/31/2024,64.4
01/30/2024,64.02
01/29/2024,61.77
01/26/2024,63.1
01/25/2024,63.41
01/24/2024,65.8
01/23/2024,63.27
01/22/2024,62.41
01/19/2024,63.42
01/18/2024,63.28
01/17/2024,63.31
01/16/2024,65.49
01/15/2024,66.9
01/12/2024,63.8
01/11/2024,65.96
01/10/2024,67.72
01/09/2024,69.9
01/08/2024,69.96
01/05/2024,73.97
01/04/2024,73.78
01/03/2024,75.42
01/02/2024,74.09
12/29/2023,77.98
12/28/2023,77.94
12/27/2023,77.74
12/22/2023,76.94
12/21/2023,75.88
12/20/2023,73.2
12/19/2023,69.76
12/18/2023,69.61
12/15/2023,67.57
12/14/2023,66.73
12/13/2023,68.88
12/12/2023,68.24
12/11/2023,67.34
12/08/2023,68.62
12/07/2023,69.97
12/06/2023,68.96
12/05/2023,68.91
12/04/2023,70.43
12/01/2023,72.45
11/30/2023,70.56
11/29/2023,70.78
11/28/2023,72.5
11/27/2023,73.07
11/24/2023,76.46
11/23/2023,76.57
11/22/2023,75.1
11/21/2023,75.21
11/20/2023,76.66
11/17/2023,76.23
11/16/2023,77.2
11/15/2023,79.8
11/14/2023,78.57
11/13/2023,77.04
11/10/2023,78.5
11/09/2023,77.3
11/08/2023,75.4
11/07/2023,75.36
11/06/2023,75.88
11/03/2023,77.2
11/02/2023,79.06
11/01/2023,78.66
10/31/2023,79.41
10/30/2023,78.78
10/27/2023,79.36
10/26/2023,79.58
10/25/2023,79.93
10/24/2023,80.66
10/23/2023,80.3
10/20/2023,81.67
10/19/2023,82
10/18/2023,81.79
10/17/2023,82.65
10/16/2023,83.41
10/13/2023,85.66
10/12/2023,85.45
10/11/2023,83.78
10/10/2023,84.74
10/09/2023,81.63
10/06/2023,80.62
10/05/2023,80.86
10/04/2023,81.82
10/03/2023,79.8
10/02/2023,80.7
09/29/2023,81.45
09/28/2023,83.11
09/27/2023,81.86
09/26/2023,82.51
09/25/2023,84.89
09/22/2023,85.3
09/21/2023,84.43
09/20/2023,82.76
09/19/2023,81.3
09/18/2023,80.88
09/15/2023,82.1
09/14/2023,82.93
09/13/2023,83.76
09/12/2023,81.12
09/11/2023,81.73
09/08/2023,81.62
09/07/2023,83.29
09/06/2023,83.7
09/05/2023,83.91
09/04/2023,84.08
09/01/2023,85.64
08/31/2023,86.03
08/30/2023,86
08/29/2023,85
08/28/2023,85.6
08/25/2023,85.25
08/24/2023,85.21
08/23/2023,88
08/22/2023,90.01
08/21/2023,87.85
08/18/2023,88.05
08/17/2023,88.85
08/16/2023,88.58
08/15/2023,86.87
08/14/2023,87.95
08/11/2023,86.8
08/10/2023,84.55
08/09/2023,83.9
08/08/2023,83.97
08/07/2023,82.64
08/04/2023,83.41
08/03/2023,84.41
08/02/2023,83.2
08/01/2023,84.62
07/31/2023,86.81
07/28/2023,88.7
07/27/2023,90.92
07/26/2023,90.77
07/25/2023,92.34
07/24/2023,91.29
07/21/2023,91.82
07/20/2023,90.84
07/19/2023,88.98
07/18/2023,88.18
07/17/2023,86.78
07/14/2023,86.35
07/13/2023,85.88
07/12/2023,85.83
07/11/2023,87.05
07/10/2023,86.26
07/07/2023,86.15
07/06/2023,86.29
07/05/2023,85.81
07/04/2023,87.69
07/03/2023,87.58
06/30/2023,89.57
06/29/2023,88.13
06/28/2023,88.21
06/27/2023,89.09
06/26/2023,86.49
06/23/2023,87.55
06/22/2023,90.95
06/21/2023,90.85
06/20/2023,94.51
06/19/2023,93.23
06/16/2023,91.92
06/15/2023,92.93
06/14/2023,93.62
06/13/2023,90.72
06/12/2023,88.22
06/09/2023,86.14
06/08/2023,83.35
06/07/2023,83.86
06/06/2023,81.64
06/05/2023,82.86
06/02/2023,78.52
06/01/2023,78.95
05/31/2023,80.77
05/30/2023,80.38
05/29/2023,83
05/26/2023,83.13
05/25/2023,82.63
05/24/2023,84.79
05/23/2023,85.8
05/22/2023,87.25
05/19/2023,89.43
05/18/2023,89.65
05/17/2023,88.04
05/16/2023,88.93
05/15/2023,87.14
05/12/2023,88.93
05/11/2023,88.57
05/10/2023,89.06
05/09/2023,87.51
05/08/2023,85.59
05/05/2023,84.96
05/04/2023,84.5
05/03/2023,85.15
05/02/2023,88.52
05/01/2023,85.63
04/28/2023,87.65
04/27/2023,86.68
04/26/2023,86.24
04/25/2023,86.81
04/24/2023,88.56
04/21/2023,89.86
04/20/2023,91.74
04/19/2023,94.39
04/18/2023,95.15
04/17/2023,92.91
04/14/2023,94.11
04/13/2023,94.39
04/12/2023,96.27
04/11/2023,97.47
04/06/2023,96.75
04/05/2023,97.01
04/04/2023,94.98
04/03/2023,96
03/31/2023,91.75
03/30/2023,90.8
03/29/2023,90.02
03/28/2023,89.4
03/27/2023,88.13
03/24/2023,85.4
03/23/2023,90.18
03/22/2023,86.63
03/21/2023,87.38
03/20/2023,85.18
03/17/2023,85.57
03/16/2023,85.27
03/15/2023,86.65
03/14/2023,89.73
03/13/2023,92.99
03/10/2023,96.83
03/09/2023,95.4
03/08/2023,94.76
03/07/2023,92.87
03/06/2023,89.96
03/03/2023,89.27
03/02/2023,90.1
03/01/2023,93.8
02/28/2023,95.88
02/27/2023,96.9
02/24/2023,94.79
02/23/2023,93.84
02/22/2023,93.45
02/21/2023,97.12
02/20/2023,95.11
02/17/2023,93.33
02/16/2023,95.13
02/15/2023,91.51
02/14/2023,88.62
02/13/2023,89.35
02/10/2023,90.44
02/09/2023,88.49
02/08/2023,87.59
02/07/2023,87.9
02/06/2023,87.96
02/03/2023,90.9
02/02/2023,90.65
02/01/2023,92.65
01/31/2023,90.13
01/30/2023,87.21
01/27/2023,86.94
01/26/2023,86.81
01/25/2023,82.28
01/24/2023,79.62
01/23/2023,81.8
01/20/2023,82.6
01/19/2023,81.86
01/18/2023,81.42
01/17/2023,77.21
01/16/2023,75.07
01/13/2023,77.2
01/12/2023,77.76
01/11/2023,76.64
01/10/2023,78.38
01/09/2023,79.1
01/06/2023,75.55
01/05/2023,76.24
01/04/2023,75.4
01/03/2023,80.42
01/02/2023,83.67
12/30/2022,79.4
12/29/2022,82.36
12/28/2022,84.13
12/27/2022,86.08
12/23/2022,86.85
12/22/2022,86.85
12/21/2022,85.6
12/20/2022,86.87
12/19/2022,84.69
12/16/2022,83.68
12/15/2022,85.2
12/14/2022,86.19
12/13/2022,88.99
12/12/2022,89.81
12/09/2022,87.73
12/08/2022,88.93
12/07/2022,88.19
12/06/2022,88.61
12/05/2022,87.17
12/02/2022,87.98
12/01/2022,84.88
11/30/2022,84.9
11/29/2022,81.39
11/28/2022,78.59
11/25/2022,78.97
11/24/2022,78.69
11/23/2022,75.87
11/22/2022,73.87
11/21/2022,74.28
11/18/2022,72.47
11/17/2022,72.4
11/16/2022,73.41
11/15/2022,76.65
11/14/2022,75.23
11/11/2022,75.84
11/10/2022,73.05
11/09/2022,72.76
11/08/2022,76.06
11/07/2022,77.49
11/04/2022,76.36
11/03/2022,76.28
11/02/2022,76.7
11/01/2022,76.72
10/31/2022,79.97
10/28/2022,81.21
10/27/2022,80.21
10/26/2022,75.79
10/25/2022,77.11
10/24/2022,72.32
10/21/2022,68.72
10/20/2022,66.87
10/19/2022,67.29
10/18/2022,67.77
10/17/2022,67.51
10/14/2022,68.02
10/13/2022,68.84
10/12/2022,66.71
10/11/2022,66.34
10/10/2022,66.77
10/07/2022,69.85
10/06/2022,68.96
10/05/2022,67.07
10/04/2022,66.92
10/03/2022,65.94
09/30/2022,66.73
09/29/2022,65.73
09/28/2022,65.15
09/27/2022,67.96
09/26/2022,70.33
09/23/2022,65.77
09/22/2022,70.44
09/21/2022,69.79
09/20/2022,71.14
09/19/2022,71.1
09/16/2022,73.27
09/15/2022,71.85
09/14/2022,72.54
09/13/2022,69.75
09/12/2022,71.82
09/09/2022,66.08
09/08/2022,67.24
09/07/2022,69.03
09/06/2022,69.88
09/05/2022,74.45
09/02/2022,77.89
09/01/2022,80.79
08/31/2022,80.03
08/30/2022,80.81
08/29/2022,86.66
08/26/2022,90.31
08/25/2022,89.31
08/24/2022,89.24
08/23/2022,89.29
08/22/2022,92.17
08/19/2022,98.01
08/18/2022,96.04
08/17/2022,95.8
08/16/2022,92.08
08/15/2022,90.78
08/12/2022,88.87
08/11/2022,87.55
08/10/2022,85.92
08/09/2022,85.93
08/08/2022,83.81
08/05/2022,84.76
08/04/2022,84.19
08/03/2022,83.99
08/02/2022,81.95
08/01/2022,80.58
07/29/2022,78.55
07/28/2022,78.96
07/27/2022,76.14
07/26/2022,76.68
07/25/2022,76.37
07/22/2022,76.3
07/21/2022,78.11
07/20/2022,78.84
07/19/2022,83.65
07/18/2022,84.94
07/15/2022,85.38
07/14/2022,83.97
07/13/2022,83.86
07/12/2022,85.65
07/11/2022,84.36
07/08/2022,82.79
07/07/2022,84.92
07/06/2022,83.22
07/05/2022,83.19
07/04/2022,84.55
07/01/2022,85.58
06/30/2022,90.16
06/29/2022,88.35
06/28/2022,87.4
06/27/2022,85.05
06/24/2022,83.43
06/23/2022,84.13
06/22/2022,81.88
06/21/2022,84.73
06/20/2022,84
06/17/2022,82.37
06/16/2022,83
06/15/2022,86.2
06/14/2022,84.15
06/13/2022,81.54
06/10/2022,81.86
06/09/2022,81.01
06/08/2022,79.81
06/07/2022,81.31
06/06/2022,81.43
06/03/2022,86.87
06/02/2022,86.34
06/01/2022,86.08
05/31/2022,84.02
05/30/2022,83.97
05/27/2022,84.2
05/26/2022,84.76
05/25/2022,81.4
05/24/2022,81.32
05/23/2022,78.15
05/20/2022,80.39
05/19/2022,83.18
05/18/2022,84.64
05/17/2022,91.72
05/16/2022,89.56
05/13/2022,88.48
05/12/2022,88.26
05/11/2022,88.83
05/10/2022,87.34
05/09/2022,87.02
05/06/2022,91.54
05/05/2022,88.91
05/04/2022,88.31
05/03/2022,88.19
05/02/2022,83.04
04/29/2022,84.45
04/28/2022,82.68
04/27/2022,81.01
04/26/2022,82.71
04/25/2022,83.46
04/22/2022,88.99
04/21/2022,86.44
04/20/2022,87.82
04/19/2022,80.2
04/14/2022,79.97
04/13/2022,77.44
04/12/2022,79.01
04/11/2022,77.95
04/08/2022,80.09
04/07/2022,79.94
04/06/2022,77.18
04/05/2022,78.05
04/04/2022,78.5
04/01/2022,78.49
03/31/2022,76.48
03/30/2022,78.31
03/29/2022,81.7
03/28/2022,80.81
03/25/2022,78.6
03/24/2022,78.24
03/23/2022,76.6
03/22/2022,80.67
03/21/2022,78.39
03/18/2022,78.89
03/17/2022,79.89
03/16/2022,78.16
03/15/2022,77.43
03/14/2022,78.28
03/11/2022,76.76
03/10/2022,76.41
03/09/2022,73.18
03/08/2022,68.51
03/07/2022,58.3
03/04/2022,65.1
03/03/2022,67.35
03/02/2022,68.49
03/01/2022,68.85
02/28/2022,82.21
02/25/2022,88.14
02/24/2022,87.03
02/23/2022,95.07
02/22/2022,89.77
02/21/2022,89.68
02/18/2022,89.47
02/17/2022,86.44
02/16/2022,89.86
02/15/2022,91.14
02/14/2022,91.76
02/11/2022,92.87
02/10/2022,90.78
02/09/2022,90.79
02/08/2022,96.93
02/07/2022,96.7
02/04/2022,96.45
02/03/2022,94.81
02/02/2022,94.21
02/01/2022,89.52
01/31/2022,89.24
01/28/2022,89.22
01/27/2022,89.76
01/26/2022,88.66
01/25/2022,87.45
01/24/2022,84.02
01/21/2022,84.47
01/20/2022,85.59
01/19/2022,82.09
01/18/2022,82.67
01/17/2022,80.58
01/14/2022,82.08
01/13/2022,80.56
01/12/2022,80.01
01/11/2022,81.3
01/10/2022,80.09
01/07/2022,85.42
01/06/2022,86.74
01/05/2022,87.58
01/04/2022,84.91
01/03/2022,84.01
12/31/2021,80.65
12/30/2021,80.16
12/29/2021,80.36
12/28/2021,79.29
12/27/2021,76.92
12/24/2021,76.31
12/23/2021,74.46
12/22/2021,76.83
12/21/2021,80.94
12/20/2021,80.09
12/17/2021,74.02
12/16/2021,85.71
12/15/2021,81.19
12/14/2021,80.12
12/13/2021,82.72
12/10/2021,84.37
12/09/2021,80.88
12/08/2021,89.41
12/07/2021,85.34
12/06/2021,81.65
12/03/2021,78.64
12/02/2021,80.25
12/01/2021,77.2
11/30/2021,75.73
11/29/2021,74.54
11/26/2021,73.12
11/25/2021,74.79
11/24/2021,73.23
11/23/2021,69.49
11/22/2021,70.22
11/19/2021,69.65
11/18/2021,69.38
11/17/2021,67.45
11/16/2021,67.83
11/15/2021,66.22
11/12/2021,63.58
11/11/2021,64.02
11/10/2021,63.48
11/09/2021,60.75
11/08/2021,60.96
11/05/2021,59.73
11/04/2021,60.18
11/03/2021,60.15
11/02/2021,59.79
11/01/2021,57.29
10/29/2021,59.08
10/28/2021,58.94
10/27/2021,60.27
10/26/2021,60.16
10/25/2021,59.35
10/22/2021,58.64
10/21/2021,58.37
10/20/2021,58.14
10/19/2021,54.92
10/18/2021,58.92
10/15/2021,59.79
10/14/2021,61.79
10/13/2021,59.45
10/12/2021,59.34
10/11/2021,59.58
10/08/2021,58.76
10/07/2021,60.81
10/06/2021,59.58
10/05/2021,65.16
10/04/2021,63.82
10/01/2021,62.45
09/30/2021,62.16
09/29/2021,63.28
09/28/2021,62.29
09/27/2021,64.72
09/24/2021,63.29
09/23/2021,60.89
09/22/2021,60.94
09/21/2021,60.5
09/20/2021,61.02
09/17/2021,59.82
09/16/2021,59.63
09/15/2021,60.18
09/14/2021,60.16
09/13/2021,61.37
09/10/2021,61.22
09/09/2021,63.04
09/08/2021,62.74
09/07/2021,62.28
09/06/2021,62.61
09/03/2021,61.63
09/02/2021,61.83
09/01/2021,60.42
08/31/2021,61.07
08/30/2021,61.08
08/27/2021,59.32
08/26/2021,57.19
08/25/2021,56.87
08/24/2021,56.97
08/23/2021,55.67
08/20/2021,54.72
08/19/2021,53.84
08/18/2021,57.45
08/17/2021,57.56
08/16/2021,58.52
08/13/2021,55.74
08/12/2021,56.63
08/11/2021,58.14
08/10/2021,57.77
08/09/2021,56.98
08/06/2021,57.02
08/05/2021,56.34
08/04/2021,55.82
08/03/2021,54.55
08/02/2021,54.79
07/30/2021,53.69
07/29/2021,54.41
07/28/2021,54.2
07/27/2021,53.28
07/26/2021,53.57
07/23/2021,51.26
07/22/2021,51.16
07/21/2021,52.51
07/20/2021,51.59
07/19/2021,52.81
07/16/2021,53.28
07/15/2021,53.37
07/14/2021,53.78
07/13/2021,53.26
07/12/2021,52.12
07/09/2021,54.67
07/08/2021,52.77
07/07/2021,53.03
07/06/2021,54.44
07/05/2021,58.28
07/02/2021,57.76
07/01/2021,58.06
06/30/2021,56.78
06/29/2021,56.04
06/28/2021,55.9
06/25/2021,55.48
06/24/2021,55.49
06/23/2021,55.03
06/22/2021,53.76
06/21/2021,52.78
06/18/2021,52.26
06/17/2021,51.28
06/16/2021,51.72
06/15/2021,51.76
06/14/2021,53.29
06/11/2021,53.07
06/10/2021,54.15
06/09/2021,53.9
06/08/2021,52.58
06/07/2021,51.97
06/04/2021,50.47
06/03/2021,50.73
06/02/2021,51.94
06/01/2021,52.97
05/31/2021,52.24
05/28/2021,51.58
05/27/2021,52.39
05/26/2021,54.22
05/25/2021,53.83
05/24/2021,53.41
05/21/2021,52.43
05/20/2021,53.41
05/19/2021,50.35
05/18/2021,53.74
05/17/2021,56.97
05/14/2021,57.23
05/13/2021,55.04
05/12/2021,55.85
05/11/2021,53.55
05/10/2021,52.72
05/07/2021,50.93
05/06/2021,50.41
05/05/2021,49.91
05/04/2021,49.06
05/03/2021,49.9
04/30/2021,49.31
04/29/2021,48.51
04/28/2021,48.28
04/27/2021,47.78
04/26/2021,47.67
04/23/2021,47.38
04/22/2021,47.51
04/21/2021,46.32
04/20/2021,45.29
04/19/2021,44.74
04/16/2021,44.8
04/15/2021,44.55
04/14/2021,44.2
04/13/2021,44.24
04/12/2021,44.86
04/09/2021,44.03
04/08/2021,43.85
04/07/2021,44.23
04/06/2021,44.6
04/05/2021,42.81
04/01/2021,42.81
03/31/2021,42.89
03/30/2021,42.4
03/29/2021,42.2
03/26/2021,42.09
03/25/2021,40.71
03/24/2021,41.96
03/23/2021,41.78
03/22/2021,43.18
03/19/2021,42.31
03/18/2021,42.74
03/17/2021,43.34
03/16/2021,41.96
03/15/2021,42.73
03/12/2021,43.19
03/11/2021,42.27
03/10/2021,41.87
03/09/2021,40.98
03/08/2021,39.47
03/05/2021,39.36
03/04/2021,38.51
03/03/2021,37.82
03/02/2021,38.69
03/01/2021,37.45
02/26/2021,37.6
02/25/2021,38.57
02/24/2021,39.45
02/23/2021,38.97
02/22/2021,38.26
02/19/2021,37.7
02/18/2021,38.61
02/17/2021,38.4
02/16/2021,39.13
02/15/2021,39.81
02/12/2021,40.28
02/11/2021,39
02/10/2021,39.56
02/09/2021,38.49
02/08/2021,38.84
02/05/2021,38.43
02/04/2021,37.49
02/03/2021,37.65
02/02/2021,35.19
02/01/2021,33.08
01/29/2021,33.18
01/28/2021,34.17
01/27/2021,33.51
01/26/2021,33.56
01/25/2021,33.39
01/22/2021,34.45
01/21/2021,34.32
01/20/2021,33.12
01/19/2021,33.3
01/18/2021,31.84
01/15/2021,31.96
01/14/2021,33.76
01/13/2021,33.88
01/12/2021,34.88
01/11/2021,34.76
01/08/2021,35.14
01/07/2021,34.97
01/06/2021,33.83
01/05/2021,33.15
01/04/2021,33.89
12/31/2020,32.94
12/30/2020,32.42
12/29/2020,33.25
12/28/2020,33.66
12/24/2020,32.41
12/23/2020,32.15
12/22/2020,31.39
12/21/2020,31.14
12/18/2020,31.36
12/17/2020,32.21
12/16/2020,32.03
12/15/2020,32.43
12/14/2020,31.27
12/11/2020,30.98
12/10/2020,31.36
12/09/2020,30.16
12/08/2020,30.02
12/07/2020,30.07
12/04/2020,30.57
12/03/2020,29.46
12/02/2020,30.01
12/01/2020,29.33
11/30/2020,29.6
11/27/2020,28.59
11/26/2020,28.54
11/25/2020,28.04
11/24/2020,28.04
11/23/2020,27.67
11/20/2020,27.15
11/19/2020,26.75
11/18/2020,27.59
11/17/2020,27.04
11/16/2020,27.79
11/13/2020,26.68
11/12/2020,26.32
11/11/2020,26.52
11/10/2020,26.64
11/09/2020,26.97
11/06/2020,25.85
11/05/2020,26.43
11/04/2020,25.57
11/03/2020,24.86
11/02/2020,24.15
10/30/2020,24.19
10/29/2020,24.15
10/28/2020,23.52
10/27/2020,24.55
10/26/2020,24.35
10/23/2020,25.98
10/22/2020,24.68
10/21/2020,24.06
10/20/2020,24.92
10/19/2020,25.49
10/16/2020,25.4
10/15/2020,25.48
10/14/2020,26.28
10/13/2020,25.74
10/12/2020,26.4
10/09/2020,26.24
10/08/2020,26.88
10/07/2020,27.44
10/06/2020,27.34
10/05/2020,27.49
10/02/2020,27.59
10/01/2020,27.07
09/30/2020,27.5
09/29/2020,27.36
09/28/2020,28.28
09/25/2020,26.75
09/24/2020,27.4
09/23/2020,27.12
09/22/2020,28.47
09/21/2020,27.05
09/18/2020,28.68
09/17/2020,29.13
09/16/2020,30.71
09/15/2020,30.53
09/14/2020,31.2
09/11/2020,28.99
09/10/2020,29.15
09/09/2020,27.94
09/08/2020,27.53
09/07/2020,27.81
09/04/2020,28.13
09/03/2020,29.53
09/02/2020,29.06
09/01/2020,28.61
08/31/2020,29.53
08/28/2020,30.38
08/27/2020,29.23
08/26/2020,29.48
08/25/2020,29.46
08/24/2020,28.32
08/21/2020,26.48
08/20/2020,26.75
08/19/2020,27.08
08/18/2020,27.41
08/17/2020,27.17
08/14/2020,26.36
08/13/2020,26.3
08/12/2020,26.87
08/11/2020,27.08
08/10/2020,27.6
08/07/2020,27.32
08/06/2020,27.3
08/05/2020,27.69
08/04/2020,27.75
08/03/2020,27.08
07/31/2020,27.22
07/30/2020,26.48
07/29/2020,27.13
07/28/2020,26.67
07/27/2020,25.91
07/24/2020,27.27
07/23/2020,28.23
07/22/2020,27.53
07/21/2020,27.51
07/20/2020,27.1
07/17/2020,28.76
07/16/2020,27.67
07/15/2020,29.7
07/14/2020,30.46
07/13/2020,30.14
07/10/2020,29.78
07/09/2020,29.37
07/08/2020,30.06
07/07/2020,30.12
07/06/2020,30.43
07/03/2020,28.64
07/02/2020,28.09
07/01/2020,28.42
06/30/2020,27.68
06/29/2020,27.35
06/26/2020,25.46
06/25/2020,25.92
06/24/2020,26.14
06/23/2020,26.15
06/22/2020,25.28
06/19/2020,24.92
06/18/2020,25.23
06/17/2020,23.52
06/16/2020,23.55
06/15/2020,22.93
06/12/2020,22.78
06/11/2020,23.04
06/10/2020,23.68
06/09/2020,23.24
06/08/2020,23.48
06/05/2020,24.02
06/04/2020,22.98
06/03/2020,22.85
06/02/2020,22.84
06/01/2020,21.75
05/29/2020,22.18
05/28/2020,22.04
05/27/2020,22.13
05/26/2020,22.4
05/25/2020,22.38
05/22/2020,22.19
05/21/2020,21.97
05/20/2020,22.06
05/19/2020,20.76
05/18/2020,21.14
05/15/2020,19.96
05/14/2020,19.62
05/13/2020,19.46
05/12/2020,19.31
05/11/2020,19.86
05/08/2020,20.17
05/07/2020,20.35
05/06/2020,19.83
05/05/2020,19.92
05/04/2020,20.18
05/01/2020,19.8
04/30/2020,20.39
04/29/2020,21
04/28/2020,21.04
04/27/2020,21.09
04/24/2020,21.53
04/23/2020,21.82
04/22/2020,21.45
04/21/2020,20.64
04/20/2020,22.15
04/17/2020,22.48
04/16/2020,21.69
04/15/2020,20.02
04/14/2020,20.57
04/09/2020,21.86
04/08/2020,21.93
04/07/2020,21.3
04/06/2020,21.17
04/03/2020,18.73
04/02/2020,18.82
04/01/2020,17.84
03/31/2020,18.42
03/30/2020,17.78
03/27/2020,17.11
03/26/2020,18.06
03/25/2020,18.21
03/24/2020,17.5
03/23/2020,16.28
03/20/2020,16.84
03/19/2020,17.19
03/18/2020,16.12
03/17/2020,19.05
03/16/2020,19.98
03/13/2020,22.38
03/12/2020,22.96
03/11/2020,24.34
03/10/2020,24.5
03/09/2020,23.68
03/06/2020,23.83
03/05/2020,24.21
03/04/2020,24.24
03/03/2020,23.77
03/02/2020,23.93
02/28/2020,24.02
02/27/2020,24.02
02/26/2020,24.69
02/25/2020,24.62
02/24/2020,25
02/21/2020,26.03
02/20/2020,26.06
02/19/2020,26.13
02/18/2020,25.56
02/17/2020,25.47
02/14/2020,24.71
02/13/2020,24.82
02/12/2020,24.31
02/11/2020,23.74
02/10/2020,23.58
02/07/2020,23.75
02/06/2020,23.98
02/05/2020,24.19
02/04/2020,23.78
02/03/2020,23.63
01/31/2020,24.31
01/30/2020,24.17
01/29/2020,24.43
01/28/2020,25.1
01/27/2020,25.05
01/24/2020,24.87
01/23/2020,25.21
01/22/2020,25.55
01/21/2020,25.45
01/20/2020,25.7
01/17/2020,25.97
01/16/2020,25.37
01/15/2020,25.04
01/14/2020,24.37
01/13/2020,24.66
01/10/2020,24.73
01/09/2020,25.2
01/08/2020,24.6
01/07/2020,25.06
01/06/2020,24.74
01/03/2020,25.5
01/02/2020,24.9
12/31/2019,25.18
12/30/2019,25.63
12/27/2019,27.25
12/26/2019,26.62
12/24/2019,26.62
12/23/2019,27.08
12/20/2019,27.21
12/19/2019,27.38
12/18/2019,27.13
12/17/2019,26.61
12/16/2019,25.52
12/13/2019,24.71
12/12/2019,25.79
12/11/2019,25.19
12/10/2019,25.68
12/09/2019,25.87
12/06/2019,25.68
12/05/2019,25.43
12/04/2019,25.48
12/03/2019,24.74
12/02/2019,25.06
11/29/2019,25.94
11/28/2019,25.73
11/27/2019,25.84
11/26/2019,25.11
11/25/2019,25.16
11/22/2019,25.31
11/21/2019,24.66
11/20/2019,24.75
11/19/2019,24.17
11/18/2019,24.13
11/15/2019,24.57
11/14/2019,24.67
11/13/2019,25.1
11/12/2019,24.83
11/11/2019,25.65
11/08/2019,25.56
11/07/2019,25.65
11/06/2019,25.52
11/05/2019,26.24
11/04/2019,26.37
11/01/2019,26.02
10/31/2019,26.35
10/30/2019,26.76
10/29/2019,26.25
10/28/2019,25.93
10/25/2019,25.8
10/24/2019,26.28
10/23/2019,25.59
10/22/2019,26.52
10/21/2019,26.83
10/18/2019,26.8
10/17/2019,27
10/16/2019,27.23
10/15/2019,26.64
10/14/2019,25.06
10/11/2019,25.36
10/10/2019,24.18
10/09/2019,23.6
10/08/2019,23.5
10/07/2019,24.35
10/04/2019,23.91
10/03/2019,24.17
10/02/2019,25.2
10/01/2019,26.05
09/30/2019,25.76
09/27/2019,26.34
09/26/2019,26.69
09/25/2019,26.26
09/24/2019,26.58
09/23/2019,26.84
09/20/2019,27.59
09/19/2019,26.98
09/18/2019,26.47
09/17/2019,27.24
09/16/2019,28.07
09/13/2019,27.38
09/12/2019,27.42
09/11/2019,27.27
09/10/2019,27.69
09/09/2019,25.97
09/06/2019,26.05
09/05/2019,26.48
09/04/2019,26.47
09/03/2019,26.21
09/02/2019,26.22
08/30/2019,27.37
08/29/2019,27.55
08/28/2019,27.11
08/27/2019,26.53
08/26/2019,26.97
08/23/2019,26.24
08/22/2019,26.81
08/21/2019,27.17
08/20/2019,27.42
08/19/2019,27.73
08/16/2019,27.15
08/15/2019,27.2
08/14/2019,28.12
08/13/2019,28.3
08/12/2019,27.91
08/09/2019,29.36
08/08/2019,29.78
08/07/2019,29.56
08/06/2019,29.7
08/05/2019,30.04
08/02/2019,30.61
08/01/2019,30.83
07/31/2019,29.38
07/30/2019,29.29
07/29/2019,29.85
07/26/2019,29.75
07/25/2019,30.51
07/24/2019,30.7
07/23/2019,31.33
07/22/2019,30.5
07/19/2019,30.38
07/18/2019,29.28
07/17/2019,29.98
07/16/2019,29.98
07/15/2019,30.56
07/12/2019,30.26
07/11/2019,29.71
07/10/2019,29.65
07/09/2019,27.9
07/08/2019,28.16
07/05/2019,27.67
07/04/2019,27.28
07/03/2019,27.78
07/02/2019,27.98
07/01/2019,28.17
06/28/2019,27.5
06/27/2019,28.15
06/26/2019,28.65
06/25/2019,27.64
06/24/2019,27.53
06/21/2019,26.42
06/20/2019,26.2
06/19/2019,26.07
06/18/2019,26.22
06/17/2019,26.12
06/14/2019,26.15
06/13/2019,26.05
06/12/2019,25.92
06/11/2019,26.11
06/10/2019,26.36
06/07/2019,25.66
06/06/2019,25.09
06/05/2019,25.28
06/04/2019,25.58
06/03/2019,24.74
05/31/2019,25.45
05/30/2019,26.28
05/29/2019,26.51
05/28/2019,26.46
05/27/2019,26.61
05/24/2019,26.44
05/23/2019,27.03
05/22/2019,27.34
05/21/2019,26.35
05/20/2019,26.16
05/17/2019,25.96
05/16/2019,26.56
05/15/2019,26.96
05/14/2019,26.87
05/13/2019,26.03
05/10/2019,26.62
05/09/2019,27.57
05/08/2019,27.99
05/07/2019,27.47
05/06/2019,26.42
05/03/2019,26.29
05/02/2019,25.79
05/01/2019,26.89
04/30/2019,27.43
04/29/2019,27.55
04/26/2019,27.09
04/25/2019,28.54
04/24/2019,28.66
04/23/2019,28.8
04/18/2019,28.14
04/17/2019,28.71
04/16/2019,28.25
04/15/2019,28.05
04/12/2019,27.82
04/11/2019,28.58
04/10/2019,27.41
04/09/2019,26.84
04/08/2019,25.58
04/05/2019,25.9
04/04/2019,25.72
04/03/2019,24.45
04/02/2019,23.25
04/01/2019,23.16
03/29/2019,22.82
03/28/2019,23.55
03/27/2019,23.15
03/26/2019,22.84
03/25/2019,22.23
03/22/2019,21.99
03/21/2019,22.28
03/20/2019,23.02
03/19/2019,22.53
03/18/2019,23.22
03/15/2019,23.92
03/14/2019,24.2
03/13/2019,23.72
03/12/2019,23.8
03/11/2019,23.78
03/08/2019,24.52
03/07/2019,24.76
03/06/2019,23.6
03/05/2019,24.42
03/04/2019,24.6
03/01/2019,23.73
02/28/2019,23.13
02/27/2019,22.7
02/26/2019,21.08
02/25/2019,20.65
02/22/2019,20.43
02/21/2019,20.32
02/20/2019,22.04
02/19/2019,21.81
02/18/2019,21.6
02/15/2019,22.04
02/14/2019,21.37
02/13/2019,22.51
02/12/2019,22.25
02/11/2019,23.97
02/08/2019,23.91
02/07/2019,25.02
02/06/2019,25.24
02/05/2019,24.74
02/04/2019,24.63
02/01/2019,23.55
01/31/2019,23.9
01/30/2019,24.72
01/29/2019,25.08
01/28/2019,24.5
01/25/2019,25.68
01/24/2019,25.85
01/23/2019,26.47
01/22/2019,26.94
01/21/2019,26.25
01/18/2019,26.63
01/17/2019,25.39
01/16/2019,25.18
01/15/2019,24.4
01/14/2019,24.33
01/11/2019,24.52
01/10/2019,23.96
01/09/2019,23.93
01/08/2019,24.78
01/07/2019,24.22
01/04/2019,25.66
01/03/2019,25.28
01/02/2019,27.37
12/31/2018,27.06
12/28/2018,27.02
12/27/2018,27.08
12/24/2018,27.25
12/21/2018,26.97
12/20/2018,26.53
12/19/2018,26.67
12/18/2018,26.42
12/17/2018,26.69
12/14/2018,25.76
12/13/2018,24.65
12/12/2018,23.81
12/11/2018,22.52
12/10/2018,23.22
12/07/2018,22.6
12/06/2018,22.36
12/05/2018,22.03
12/04/2018,22.99
12/03/2018,22.85
11/30/2018,22.7
11/29/2018,22.23
11/28/2018,21.5
11/27/2018,21.82
11/26/2018,22.02
11/23/2018,22.4
11/22/2018,23.14
11/21/2018,22.69
11/20/2018,21.62
11/19/2018,21.08
11/16/2018,21.31
11/15/2018,21.13
11/14/2018,21.78
11/13/2018,22.26
11/12/2018,22.7
11/09/2018,21.65
11/08/2018,21.75
11/07/2018,20.77
11/06/2018,19.69
11/05/2018,19.31
11/02/2018,19.18
11/01/2018,17.62
10/31/2018,18.49
10/30/2018,18.13
10/29/2018,18.91
10/26/2018,20.59
10/25/2018,21.41
10/24/2018,21.9
10/23/2018,21.8
10/22/2018,21.92
10/19/2018,22.64
10/18/2018,22.62
10/17/2018,22.27
10/16/2018,22.53
10/15/2018,22.09
10/12/2018,24.21
10/11/2018,23.88
10/10/2018,23.65
10/09/2018,25.33
10/08/2018,26.48
10/05/2018,26.1
10/04/2018,25.18
10/03/2018,24.96
10/02/2018,24.76
10/01/2018,24.96
09/28/2018,24.63
09/27/2018,24
09/26/2018,23.42
09/25/2018,24.27
09/24/2018,25.29
09/21/2018,24.88
09/20/2018,24.72
09/19/2018,24.09
09/18/2018,22.83
09/17/2018,23.46
09/14/2018,22.42
09/13/2018,21.29
09/12/2018,25.37
09/11/2018,26.66
09/10/2018,27.42
09/07/2018,25.33
09/06/2018,23.57
09/05/2018,22.44
09/04/2018,22.25
09/03/2018,22.28
08/31/2018,23.2
08/30/2018,23.29
08/29/2018,23.19
08/28/2018,22.86
08/27/2018,23.45
08/24/2018,22.83
08/23/2018,22.47
08/22/2018,21.82
08/21/2018,21.31
08/20/2018,20.44
08/17/2018,20.04
08/16/2018,19.86
08/15/2018,19.95
08/14/2018,20
08/13/2018,19.9
08/10/2018,19.73
08/09/2018,19.42
08/08/2018,19.22
08/07/2018,19.36
08/06/2018,19.42
08/03/2018,19.53
08/02/2018,19.53
08/01/2018,19.69
07/31/2018,19.34
07/30/2018,18.99
07/27/2018,19.09
07/26/2018,19.23
07/25/2018,19.28
07/24/2018,19.01
07/23/2018,19.09
07/20/2018,18.77
07/19/2018,18.56
07/18/2018,18.11
07/17/2018,17.74
07/16/2018,17.59
07/13/2018,17.69
07/12/2018,17.72
07/11/2018,17.95
07/10/2018,17.67
07/09/2018,17.58
07/06/2018,17.28
07/05/2018,17.25
07/04/2018,17.07
07/03/2018,16.65
07/02/2018,16.62
06/29/2018,16.51
06/28/2018,16.52
06/27/2018,16.78
06/26/2018,16.55
06/25/2018,16.54
06/22/2018,16.61
06/21/2018,16.31
06/20/2018,15.98
06/19/2018,15.69
06/18/2018,16.05
06/15/2018,15.98
06/14/2018,16.34
06/13/2018,16.77
06/12/2018,16.61
06/11/2018,16.96
06/08/2018,17.2
06/07/2018,17.37
06/06/2018,17.31
06/05/2018,17.11
06/04/2018,17.42
06/01/2018,16.55
05/31/2018,16.16
05/30/2018,17.02
05/29/2018,17.47
05/28/2018,17.47
05/25/2018,17.17
05/24/2018,17.45
05/23/2018,17.15
05/22/2018,17.08
05/21/2018,16.68
05/18/2018,16.38
05/17/2018,16.39
05/16/2018,16.25
05/15/2018,15.38
05/14/2018,15.7
05/11/2018,15.68
05/10/2018,15.66
05/09/2018,15.05
05/08/2018,14.63
05/07/2018,14.65
05/04/2018,14.04
05/03/2018,13.98
05/02/2018,14.08
05/01/2018,14.41
04/30/2018,14.6
04/27/2018,14.58
04/26/2018,14.51
04/25/2018,14.26
04/24/2018,14.22
04/23/2018,13.87
04/20/2018,14.02
04/19/2018,14.42
04/18/2018,14.84
04/17/2018,14.68
04/16/2018,14.92
04/13/2018,14.84
04/12/2018,14.44
04/11/2018,14.24
04/10/2018,14.16
04/09/2018,14.11
04/06/2018,13.76
04/05/2018,13.41
04/04/2018,13.83
04/03/2018,14.06
03/29/2018,14.04
03/28/2018,13.75
03/27/2018,14.38
03/26/2018,13.61
03/23/2018,13.23
03/22/2018,12.96
03/21/2018,13.27
03/20/2018,12.11
03/19/2018,11.62
03/16/2018,11.73
03/15/2018,11.74
03/14/2018,11.79
03/13/2018,12.11
03/12/2018,11.76
03/09/2018,11.79
03/08/2018,11.75
03/07/2018,11.27
03/06/2018,11.1
03/05/2018,10.99
03/02/2018,10.77
03/01/2018,10.62
02/28/2018,10.73
02/27/2018,10.77
02/26/2018,10.25
02/23/2018,10.43
02/22/2018,10.34
02/21/2018,10.18
02/20/2018,10.34
02/19/2018,10.5
02/16/2018,10.13
02/15/2018,10.16
02/14/2018,10.22
02/13/2018,10.52
02/12/2018,10.05
02/09/2018,9.79
02/08/2018,9.69
02/07/2018,9.56
02/06/2018,9.36
02/05/2018,9.63
02/02/2018,9.53
02/01/2018,9.85
01/31/2018,9.85
01/30/2018,9.46
01/29/2018,9.58
01/26/2018,9.67
01/25/2018,9.82
01/24/2018,10.02
01/23/2018,9.57
01/22/2018,9.31
01/19/2018,9.25
01/18/2018,8.89
01/17/2018,8.58
01/16/2018,8.45
01/15/2018,8.2
01/12/2018,8.26
01/11/2018,8.21
01/10/2018,8.28
01/09/2018,8.19
01/08/2018,8.07
01/05/2018,8.19
01/04/2018,8.18
01/03/2018,8.24
01/02/2018,8.22
12/29/2017,8.6
12/28/2017,8.64
12/27/2017,8.6
12/22/2017,8.62
12/21/2017,8.45
12/20/2017,8.24
12/19/2017,7.97
12/18/2017,7.86
12/15/2017,7.65
12/14/2017,7.56
12/13/2017,7.55
12/12/2017,7.61
12/11/2017,7.64
12/08/2017,7.58
12/07/2017,7.79
12/06/2017,7.72
12/05/2017,7.87
12/04/2017,8
12/01/2017,8.13
11/30/2017,7.97
11/29/2017,8.14
11/28/2017,8.04
11/27/2017,8.15
11/24/2017,8.21
11/23/2017,8.12
11/22/2017,7.83
11/21/2017,7.85
11/20/2017,7.9
11/17/2017,7.93
11/16/2017,7.95
11/15/2017,8.15
11/14/2017,7.85
11/13/2017,7.81
11/10/2017,7.86
11/09/2017,8.01
11/08/2017,8.18
11/07/2017,8.22
11/06/2017,8.36
11/03/2017,8.32
11/02/2017,8.1
11/01/2017,7.95
10/31/2017,7.81
10/30/2017,7.58
10/27/2017,7.61
10/26/2017,7.64
10/25/2017,7.84
10/24/2017,7.91
10/23/2017,7.87
10/20/2017,8
10/19/2017,8.08
10/18/2017,8.24
10/17/2017,7.84
10/16/2017,7.78
10/13/2017,7.78
10/12/2017,7.87
10/11/2017,7.85
10/10/2017,7.87
10/09/2017,7.48
10/06/2017,7.52
10/05/2017,7.42
10/04/2017,7.44
10/03/2017,7.52
10/02/2017,7.46
09/29/2017,7.59
09/28/2017,7.48
09/27/2017,7.46
09/26/2017,7.51
09/25/2017,7.78
09/22/2017,7.14
09/21/2017,7.05
09/20/2017,7.4
09/19/2017,7.52
09/18/2017,7.22
09/15/2017,7.44
09/14/2017,7.6
09/13/2017,7.6
09/12/2017,7.36
09/11/2017,7.37
09/08/2017,7.56
09/07/2017,7.4
09/06/2017,7.19
09/05/2017,7
09/04/2017,6.51
09/01/2017,6.43
08/31/2017,6.54
08/30/2017,6.62
08/29/2017,6.64
08/28/2017,6.7
08/25/2017,6.69
08/24/2017,6.55
08/23/2017,6.54
08/22/2017,6.37
08/21/2017,6.34
08/18/2017,6.41
08/17/2017,6.41
08/16/2017,6.39
08/15/2017,6.13
08/14/2017,6.12
08/11/2017,5.99
08/10/2017,5.96
08/09/2017,5.92
08/08/2017,5.77
08/07/2017,5.77
08/04/2017,5.86
08/03/2017,5.94
08/02/2017,5.93
08/01/2017,5.8
07/31/2017,5.73
07/28/2017,5.69
07/27/2017,5.65
07/26/2017,5.76
07/25/2017,5.67
07/24/2017,5.64
07/21/2017,5.6
07/20/2017,5.75
07/19/2017,5.84
07/18/2017,5.85
07/17/2017,5.82
07/14/2017,5.82
07/13/2017,5.76
07/12/2017,5.88
07/11/2017,5.73
07/10/2017,5.8
07/07/2017,5.74
07/06/2017,5.63
07/05/2017,5.43
07/04/2017,5.51
07/03/2017,5.53
06/30/2017,5.42
06/29/2017,5.46
06/28/2017,5.33
06/27/2017,5.33
06/26/2017,5.16
06/23/2017,5.25
06/22/2017,5.25
06/21/2017,5.26
06/20/2017,5.35
06/19/2017,5.31
06/16/2017,5.26
06/15/2017,5.33
06/14/2017,5.32
06/13/2017,5.4
06/12/2017,5.3
06/09/2017,5.42
06/08/2017,5.43
06/07/2017,5.26
06/06/2017,5.35
06/05/2017,5.55
06/02/2017,5.54
06/01/2017,5.45
05/31/2017,5.35
05/30/2017,5.53
05/29/2017,5.57
05/26/2017,5.58
05/25/2017,5.37
05/24/2017,5.3
05/23/2017,5.13
05/22/2017,5.29
05/19/2017,5.22
05/18/2017,5.13
05/17/2017,4.95
05/16/2017,4.91
05/15/2017,4.76
05/12/2017,4.83
05/11/2017,4.72
05/10/2017,4.82
05/09/2017,4.89
05/08/2017,4.79
05/05/2017,4.94
05/04/2017,4.87
05/03/2017,4.77
05/02/2017,4.81
05/01/2017,4.57
04/28/2017,4.94
04/27/2017,4.93
04/26/2017,4.98
04/25/2017,4.87
04/24/2017,5.02
04/21/2017,4.94
04/20/2017,5.12
04/19/2017,5.22
04/18/2017,5.24
04/13/2017,5.32
04/12/2017,5.31
04/11/2017,5.24
04/10/2017,5.15
04/07/2017,5.25
04/06/2017,5.43
04/05/2017,5.18
04/04/2017,4.98
04/03/2017,5.21
03/31/2017,5.04
03/30/2017,5.27
03/29/2017,5.11
03/28/2017,5.08
03/27/2017,4.97
03/24/2017,5.11
03/23/2017,5.32
03/22/2017,5.31
03/21/2017,5.28
03/20/2017,5.33
03/17/2017,5.48
03/16/2017,5.49
03/15/2017,5.54
03/14/2017,5.45
03/13/2017,5.5
03/10/2017,5.51
03/09/2017,5.46
03/08/2017,5.58
03/07/2017,5.72
03/06/2017,5.83
03/03/2017,5.94
03/02/2017,5.81
03/01/2017,6.26
02/28/2017,5.57
02/27/2017,5.53
02/24/2017,5.73
02/23/2017,5.7
02/22/2017,5.41
02/21/2017,5.39
02/20/2017,5.43
02/17/2017,5.31
02/16/2017,5.28
02/15/2017,5.42
02/14/2017,5.48
02/13/2017,5.24
02/10/2017,5.45
02/09/2017,5.62
02/08/2017,5.55
02/07/2017,5.5
02/06/2017,5.43
02/03/2017,5.49
02/02/2017,5.56
02/01/2017,5.61
01/31/2017,5.69
01/30/2017,5.34
01/27/2017,4.91
01/26/2017,5.19
01/25/2017,4.97
01/24/2017,5.07
01/23/2017,5.31
01/20/2017,5.42
01/19/2017,5.19
01/18/2017,4.83
01/17/2017,4.99
01/16/2017,4.69
01/13/2017,5.03
01/12/2017,5.03
01/11/2017,5.51
01/10/2017,5.49
01/09/2017,5.25
01/06/2017,5.03
01/05/2017,5.27
01/04/2017,5.7
01/03/2017,5.41
01/02/2017,6.11
12/30/2016,6.54
12/29/2016,6.34
12/28/2016,6.32
12/27/2016,6.32
12/23/2016,6.22
12/22/2016,6.07
12/21/2016,5.8
12/20/2016,5.23
12/19/2016,5.09
12/16/2016,4.93
12/15/2016,4.84
12/14/2016,5.01
12/13/2016,4.79
12/12/2016,4.87
12/09/2016,4.46
12/08/2016,4.61
12/07/2016,4.3
12/06/2016,4.5
12/05/2016,4.37
12/02/2016,4.3
12/01/2016,4.46
11/30/2016,4.58
11/29/2016,4.56
11/28/2016,4.74
11/25/2016,5
11/24/2016,5.34
11/23/2016,5.39
11/22/2016,5.51
11/21/2016,5.48
11/18/2016,5.58
11/17/2016,5.9
11/16/2016,5.55
11/15/2016,5.74
11/14/2016,5.41
11/11/2016,5.67
11/10/2016,5.92
11/09/2016,6.13
11/08/2016,6.15
11/07/2016,6.23
11/04/2016,6.41
11/03/2016,6.5
11/02/2016,6.24
11/01/2016,6.03
10/31/2016,5.9
10/28/2016,5.88
10/27/2016,5.81
10/26/2016,5.94
10/25/2016,5.81
10/24/2016,5.81
10/21/2016,5.89
10/20/2016,5.58
10/19/2016,5.67
10/18/2016,5.95
10/17/2016,5.87
10/14/2016,5.81
10/13/2016,5.65
10/12/2016,5.52
10/11/2016,5.43
10/10/2016,5.66
10/07/2016,5.69
10/06/2016,5.86
10/05/2016,5.48
10/04/2016,5.21
10/03/2016,5.31
09/30/2016,4.96
09/29/2016,5.02
09/28/2016,4.95
09/27/2016,4.43
09/26/2016,4.62
09/23/2016,4.54
09/22/2016,4.42
09/21/2016,4.21
09/20/2016,4.16
09/19/2016,4.4
09/16/2016,4.36
09/15/2016,4.14
09/14/2016,3.98
09/13/2016,4.02
09/12/2016,4.03
09/09/2016,4.08
09/08/2016,4.08
09/07/2016,4.01
09/06/2016,4.13
09/05/2016,3.93
09/02/2016,4.08
09/01/2016,4.37
08/31/2016,4.46
08/30/2016,4.54
08/29/2016,4.69
08/26/2016,4.69
08/25/2016,4.7
08/24/2016,4.6
08/23/2016,4.7
08/22/2016,4.89
08/19/2016,4.76
08/18/2016,4.68
08/17/2016,4.48
08/16/2016,4.69
08/15/2016,4.8
08/12/2016,4.89
08/11/2016,4.87
08/10/2016,4.76
08/09/2016,4.87
08/08/2016,4.94
08/05/2016,4.72
08/04/2016,4.68
08/03/2016,4.62
08/02/2016,4.4
08/01/2016,4.37
07/29/2016,4.41
07/28/2016,4.47
07/27/2016,4.52
07/26/2016,4.5
07/25/2016,4.58
07/22/2016,4.55
07/21/2016,4.64
07/20/2016,4.68
07/19/2016,4.66
07/18/2016,4.84
07/15/2016,4.92
07/14/2016,4.77
07/13/2016,4.78
07/12/2016,4.62
07/11/2016,4.42
07/08/2016,4.53
07/07/2016,4.57
07/06/2016,4.58
07/05/2016,4.7
07/04/2016,4.96
07/01/2016,4.61
06/30/2016,4.46
06/29/2016,4.51
06/28/2016,4.68
06/27/2016,4.76
06/24/2016,4.95
06/23/2016,5.63
06/22/2016,5.67
06/21/2016,5.54
06/20/2016,5.84
06/17/2016,5.66
06/16/2016,5.7
06/15/2016,5.89
06/14/2016,5.84
06/13/2016,5.84
06/10/2016,5.94
06/09/2016,6.1
06/08/2016,6.09
06/07/2016,6.1
06/06/2016,6.19
06/03/2016,5.93
06/02/2016,6.01
06/01/2016,5.95
05/31/2016,6.08
05/30/2016,6.1
05/27/2016,6.02
05/26/2016,6.01
05/25/2016,5.85
05/24/2016,5.78
05/23/2016,5.72
05/20/2016,5.95
05/19/2016,5.98
05/18/2016,6.05
05/17/2016,6.04
05/16/2016,6.1
05/13/2016,5.84
05/12/2016,5.8
05/11/2016,6.01
05/10/2016,5.89
05/09/2016,5.69
05/06/2016,5.85
05/05/2016,6.19
05/04/2016,6.12
05/03/2016,5.98
05/02/2016,6.1
04/29/2016,6.17
04/28/2016,6.33
04/27/2016,6.83
04/26/2016,6.61
04/25/2016,5.89
04/22/2016,5.96
04/21/2016,5.74
04/20/2016,5.54
04/19/2016,5.56
04/18/2016,5.46
04/15/2016,5.47
04/14/2016,5.6
04/13/2016,5.53
04/12/2016,5.58
04/11/2016,5.57
04/08/2016,5.41
04/07/2016,5.27
04/06/2016,5.3
04/05/2016,5.23
04/04/2016,5.32
04/01/2016,5.16
03/31/2016,5.2
03/30/2016,4.95
03/29/2016,4.77
03/24/2016,4.84
03/23/2016,4.79
03/22/2016,4.81
03/21/2016,4.86
03/18/2016,4.93
03/17/2016,4.99
03/16/2016,4.95
03/15/2016,4.85
03/14/2016,4.85
03/11/2016,4.98
03/10/2016,4.9
03/09/2016,5.07
03/08/2016,5.01
03/07/2016,5.09
03/04/2016,4.92
03/03/2016,4.88
03/02/2016,4.95
03/01/2016,4.99
02/29/2016,4.99
02/26/2016,4.98
02/25/2016,5.06
02/24/2016,4.85
02/23/2016,4.89
02/22/2016,5.4
02/19/2016,5.15
02/18/2016,5.24
02/17/2016,5.07
02/16/2016,4.67
02/15/2016,4.79
02/12/2016,5.05
02/11/2016,4.73
02/10/2016,4.87
02/09/2016,4.95
02/08/2016,5.23
02/05/2016,5.54
02/04/2016,5.6
02/03/2016,5.61
02/02/2016,5.81
02/01/2016,5.68
01/29/2016,6.04
01/28/2016,6.06
01/27/2016,5.9
01/26/2016,6.07
01/25/2016,5.87
01/22/2016,6.32
01/21/2016,6.17
01/20/2016,6.31
01/19/2016,6.81
01/18/2016,6.71
01/15/2016,6.67
01/14/2016,7.08
01/13/2016,7.24
01/12/2016,7.1
01/11/2016,7.12
01/08/2016,7.41
01/07/2016,7.54
01/06/2016,7.74
01/05/2016,7.99
01/04/2016,8.04
12/31/2015,8.22
12/30/2015,8.21
12/29/2015,8.27
12/28/2015,8.31
12/24/2015,8.19
12/23/2015,8.22
12/22/2015,8.25
12/21/2015,8.19
12/18/2015,8.06
12/17/2015,8.07
12/16/2015,8.13
12/15/2015,8.19
12/14/2015,8.07
12/11/2015,8.07
12/10/2015,8.36
12/09/2015,8.4
12/08/2015,8.41
12/07/2015,8.41
12/04/2015,8.52
12/03/2015,8.59
12/02/2015,8.48
12/01/2015,8.56
11/30/2015,8.58
11/27/2015,8.58
11/26/2015,8.58
11/25/2015,8.62
11/24/2015,8.65
11/23/2015,8.56
11/20/2015,8.51
11/19/2015,8.63
11/18/2015,8.58
11/17/2015,8.61
11/16/2015,8.53
11/13/2015,8.39
11/12/2015,8.37
11/11/2015,8.44
11/10/2015,8.44
11/09/2015,8.31
11/06/2015,8.4
11/05/2015,8.46
11/04/2015,8.39
11/03/2015,8.44
11/02/2015,8.59
10/30/2015,8.63
10/29/2015,8.67
10/28/2015,8.56
10/27/2015,8.6
10/26/2015,8.65
10/23/2015,8.62
10/22/2015,8.47
10/21/2015,8.44
10/20/2015,8.46
10/19/2015,8.34
10/16/2015,8.38
10/15/2015,8.41
10/14/2015,8.42
10/13/2015,8.32
10/12/2015,8.28
10/09/2015,8.33
10/08/2015,8.11
10/07/2015,8.09
10/06/2015,8.2
10/05/2015,8.19
10/02/2015,8.13
10/01/2015,8.15
09/30/2015,8.13
09/29/2015,7.96
09/28/2015,7.9
09/25/2015,7.98
09/24/2015,7.99
09/23/2015,8.05
09/22/2015,8
09/21/2015,7.96
09/18/2015,8.09
09/17/2015,8.21
09/16/2015,8.21
09/15/2015,8.15
09/14/2015,8.21
09/11/2015,8.24
09/10/2015,8.26
09/09/2015,8.25
09/08/2015,8.22
09/07/2015,8.06
09/04/2015,8.07
09/03/2015,8.15
09/02/2015,8.1
09/01/2015,7.99
08/31/2015,8.05
08/28/2015,8.09
08/27/2015,8.03
08/26/2015,8.08
08/25/2015,8.23
08/24/2015,8.15
08/21/2015,8.18
08/20/2015,8.34
08/19/2015,8.32
08/18/2015,8.25
08/17/2015,8.22
08/14/2015,8.3
08/13/2015,8.17
08/12/2015,8.17
08/11/2015,8.07
08/10/2015,7.9
08/07/2015,7.76
08/06/2015,7.82
08/05/2015,7.81
08/04/2015,7.88
08/03/2015,7.93
07/31/2015,7.85
07/30/2015,7.86
07/29/2015,8.04
07/28/2015,8
07/27/2015,8
07/24/2015,7.98
07/23/2015,8.05
07/22/2015,7.94
07/21/2015,7.94
07/20/2015,7.96
07/17/2015,7.72
07/16/2015,7.64
07/15/2015,7.74
07/14/2015,7.71
07/13/2015,7.77
07/10/2015,7.59
07/09/2015,7.46
07/08/2015,7.43
07/07/2015,7.44
07/06/2015,7.36
07/03/2015,7.42
07/02/2015,7.43
07/01/2015,7.47
06/30/2015,7.42
06/29/2015,7.33
06/26/2015,7.52
06/25/2015,7.58
06/24/2015,7.48
06/23/2015,7.48
06/22/2015,7.46
06/19/2015,7.41
06/18/2015,7.45
06/17/2015,7.46
06/16/2015,7.41
06/15/2015,7.51
06/12/2015,7.61
06/11/2015,7.5
06/10/2015,7.58
06/09/2015,7.56
06/08/2015,7.44
06/05/2015,7.4
06/04/2015,7.39
06/03/2015,7.48
06/02/2015,7.44
06/01/2015,7.24
05/29/2015,7.32
05/28/2015,7.18
05/27/2015,7.17
05/26/2015,7.22
05/25/2015,7.36
05/22/2015,7.3
05/21/2015,7.3
05/20/2015,7.35
05/19/2015,7.37
05/18/2015,7.6
05/15/2015,7.59
05/14/2015,7.55
05/13/2015,7.64
05/12/2015,7.59
05/11/2015,7.62
05/08/2015,7.53
05/07/2015,7.43
05/06/2015,7.53
05/05/2015,7.55
05/04/2015,7.58
05/01/2015,7.48
04/30/2015,7.39
04/29/2015,7.46
04/28/2015,7.35
04/27/2015,7.15
04/24/2015,7.28
04/23/2015,7.25
04/22/2015,7.09
04/21/2015,7.08
04/20/2015,7.13
04/17/2015,6.84
04/16/2015,6.87
04/15/2015,6.85
04/14/2015,6.8
04/13/2015,6.8
04/10/2015,6.94
04/09/2015,7.01
04/08/2015,7.12
04/07/2015,7.11
04/06/2015,7.15
04/02/2015,7.15
04/01/2015,7.14
03/31/2015,6.92
03/30/2015,6.88
03/27/2015,6.76
03/26/2015,6.95
03/25/2015,6.97
03/24/2015,7.03
03/23/2015,7.04
03/20/2015,7.04
03/19/2015,6.67
03/18/2015,6.74
03/17/2015,6.73
03/16/2015,6.49
03/13/2015,6.46
03/12/2015,6.41
03/11/2015,6.76
03/10/2015,6.82
03/09/2015,6.68
03/06/2015,6.8
03/05/2015,6.75
03/04/2015,7.02
03/03/2015,6.73
03/02/2015,6.95
02/27/2015,7.1
02/26/2015,7.06
02/25/2015,7.39
02/24/2015,7.47
02/23/2015,7.7
02/20/2015,7.32
02/19/2015,7.34
02/18/2015,7.49
02/17/2015,7.47
02/16/2015,7.65
02/13/2015,7.63
02/12/2015,7.39
02/11/2015,7.23
02/10/2015,7.1
02/09/2015,6.91
02/06/2015,6.95
02/05/2015,7
02/04/2015,6.93
02/03/2015,7.06
02/02/2015,7.13
01/30/2015,7.08
01/29/2015,7.06
01/28/2015,6.95
01/27/2015,6.84
01/26/2015,6.85
01/23/2015,6.8
01/22/2015,6.76
01/21/2015,7.32
01/20/2015,7.16
01/19/2015,7.21
01/16/2015,7.13
01/15/2015,7.12
01/14/2015,7.16
01/13/2015,7.29
01/12/2015,6.71
01/09/2015,6.71
01/08/2015,6.81
01/07/2015,6.78
01/06/2015,6.77
01/05/2015,6.9
01/02/2015,7.01
12/31/2014,7.25
12/30/2014,7.21
12/29/2014,7.25
12/28/2014,7.47
12/24/2014,7.37
12/23/2014,7.25
12/22/2014,7.11
12/21/2014,7.17
12/19/2014,7.08
12/18/2014,7.04
12/17/2014,6.99
12/16/2014,6.91
12/15/2014,6.89
12/14/2014,6.76
12/12/2014,6.66
12/11/2014,6.74
12/10/2014,6.56
12/09/2014,6.74
12/08/2014,6.66
12/07/2014,6.67
12/05/2014,6.66
12/04/2014,6.84
12/03/2014,6.89
12/02/2014,6.85
12/01/2014,7.07
11/30/2014,7.05
11/28/2014,7.04
11/27/2014,7.09
11/26/2014,7.19
11/25/2014,7.12
11/24/2014,7.04
11/21/2014,6.99
11/20/2014,6.95
11/19/2014,7.03
11/18/2014,7.01
11/17/2014,6.89
11/14/2014,6.61
11/13/2014,6.78
11/12/2014,6.84
11/11/2014,6.79
11/10/2014,6.71
11/07/2014,6.75
11/06/2014,6.62
11/05/2014,6.63
11/04/2014,6.47
11/03/2014,6.57
10/31/2014,6.34
10/30/2014,6.41
10/29/2014,6.41
10/28/2014,6.15
10/27/2014,6.27
10/24/2014,6.39
10/23/2014,6.32
10/22/2014,6.21
10/21/2014,6.17
10/20/2014,6.13
10/17/2014,6.12
10/16/2014,6.2
10/15/2014,6.14
10/14/2014,6.07
10/13/2014,6.04
10/10/2014,6.02
10/09/2014,6.1
10/08/2014,6.03
10/07/2014,5.72
10/06/2014,5.66
10/03/2014,5.66
10/02/2014,5.67
10/01/2014,5.79
09/30/2014,5.82
09/29/2014,5.75
09/26/2014,5.91
09/25/2014,5.8
09/24/2014,5.8
09/23/2014,5.65
09/22/2014,5.98
09/19/2014,6.01
09/18/2014,5.97
09/17/2014,5.88
09/16/2014,5.79
09/15/2014,5.91
09/12/2014,6.04
09/11/2014,6.1
09/10/2014,6.08
09/09/2014,6.12
09/08/2014,6.27
09/05/2014,6.26
09/04/2014,6.11
09/03/2014,6.32
09/02/2014,6.38
09/01/2014,6.39
08/29/2014,6.38
08/28/2014,6.43
08/27/2014,6.35
08/26/2014,6.29
08/25/2014,6.32
08/22/2014,6.35
08/21/2014,6.34
08/20/2014,6.41
08/19/2014,6.43
08/18/2014,6.32
08/15/2014,6.36
08/14/2014,6.21
08/13/2014,6.21
08/12/2014,6.09
08/11/2014,6.11
08/08/2014,5.96
08/07/2014,5.93
08/06/2014,6.19
08/05/2014,6.18
08/04/2014,6.22
08/03/2014,6.29
08/01/2014,6.26
07/31/2014,6.19
07/30/2014,6.11
07/29/2014,6.02
07/28/2014,6.17
07/25/2014,6.11
07/24/2014,6.03
07/23/2014,6.15
07/22/2014,6.15
07/21/2014,6.04
07/18/2014,5.98
07/17/2014,6.13
07/16/2014,6.02
07/15/2014,5.92
07/14/2014,5.86
07/11/2014,5.72
07/10/2014,5.66
07/09/2014,5.79
07/08/2014,5.73
07/07/2014,5.54
07/06/2014,5.67
07/04/2014,5.65
07/03/2014,5.99
07/02/2014,6.07
07/01/2014,6.01
06/30/2014,5.81
06/27/2014,5.76
06/26/2014,5.7
06/25/2014,5.71
06/24/2014,5.74
06/23/2014,5.79
06/20/2014,5.65
06/19/2014,5.54
06/18/2014,5.65
06/17/2014,5.7
06/16/2014,5.63
06/13/2014,5.66
06/12/2014,5.55
06/11/2014,5.36
06/10/2014,5.49
06/09/2014,5.53
06/06/2014,5.44
06/05/2014,5.54
06/04/2014,5.39
06/03/2014,5.43
06/02/2014,5.14
05/30/2014,5.05
05/29/2014,5.2
05/28/2014,5.2
05/27/2014,5.17
05/26/2014,5.09
05/23/2014,5.12
05/22/2014,5.16
05/21/2014,5.12
05/20/2014,4.84
05/19/2014,4.69
05/16/2014,4.79
05/15/2014,4.77
05/14/2014,5.1
05/13/2014,5.28
05/12/2014,5.3
05/11/2014,5.3
05/09/2014,5.24
05/08/2014,5.13
05/07/2014,5.12
05/06/2014,5.22
05/05/2014,5.21
05/02/2014,5.18
05/01/2014,5.41
04/30/2014,5.4
04/29/2014,5.41
04/28/2014,5.2
04/25/2014,5.06
04/24/2014,5.71
04/23/2014,5.66
04/22/2014,5.67
04/17/2014,5.54
04/16/2014,5.45
04/15/2014,5.53
04/14/2014,5.23
04/11/2014,5.31
04/10/2014,5.11
04/09/2014,4.93
04/08/2014,4.85
04/07/2014,4.97
04/04/2014,4.68
04/03/2014,4.85
04/02/2014,4.82
04/01/2014,5.04
03/31/2014,4.64
03/28/2014,4.34
03/27/2014,5.17
03/26/2014,5.8
03/25/2014,5.85
03/24/2014,5.86
03/21/2014,6.18
03/20/2014,6.01
03/19/2014,5.99
03/18/2014,5.75
03/17/2014,5.87
03/14/2014,6.29
03/13/2014,6.43
03/12/2014,6.5
03/11/2014,6.82
03/10/2014,6.89
03/07/2014,6.9
03/06/2014,6.8
03/05/2014,6.77
03/04/2014,6.81
03/03/2014,6.61
02/28/2014,7.06
02/27/2014,6.5
02/26/2014,6.48
02/25/2014,6.21
02/24/2014,6.99
02/21/2014,7.12
02/20/2014,6.97
02/19/2014,6.9
02/18/2014,6.73
02/17/2014,6.79
02/14/2014,6.57
02/13/2014,6.37
02/12/2014,6.34
02/11/2014,6.24
02/10/2014,6.4
02/07/2014,6.41
02/06/2014,6.43
02/05/2014,6.06
02/04/2014,5.8
02/03/2014,5.82
01/31/2014,5.5
01/30/2014,5.69
01/29/2014,5.48
01/28/2014,5.5
01/27/2014,5.35
01/24/2014,5.24
01/23/2014,5.01
01/22/2014,5.11
01/21/2014,5.02
01/20/2014,4.91
01/17/2014,5.05
01/16/2014,5.05
01/15/2014,4.8
01/14/2014,4.81
01/13/2014,4.62
01/10/2014,4.52
01/09/2014,4.5
01/08/2014,4.57
01/07/2014,4.66
01/06/2014,4.61
01/03/2014,4.69
01/02/2014,4.71
01/01/2014,4.93
12/31/2013,4.83
12/30/2013,4.91
12/27/2013,4.92
12/26/2013,4.99
12/24/2013,4.91
12/23/2013,4.78
12/20/2013,4.75
12/19/2013,4.93
12/18/2013,4.87
12/17/2013,4.89
12/16/2013,4.67
12/13/2013,4.8
12/12/2013,4.9
12/11/2013,4.88
12/10/2013,5.02
12/09/2013,4.9
12/06/2013,4.79
12/05/2013,4.64
12/04/2013,4.48
12/03/2013,4.48
12/02/2013,4.5
11/29/2013,4.36
11/28/2013,4.43
11/27/2013,4.47
11/26/2013,4.49
11/25/2013,4.4
11/24/2013,4.43
11/22/2013,4.43
11/21/2013,4.41
11/20/2013,4.49
11/19/2013,4.42
11/18/2013,4.34
11/15/2013,4.49
11/14/2013,4.58
11/13/2013,4.64
11/12/2013,4.64
11/11/2013,4.6
11/08/2013,4.48
11/07/2013,4.79
11/06/2013,4.77
11/05/2013,4.79
11/04/2013,4.55
11/01/2013,4.61
10/31/2013,4.8
10/30/2013,4.95
10/29/2013,5.08
10/28/2013,4.8
10/25/2013,4.99
10/24/2013,4.65
10/23/2013,4.6
10/22/2013,4.69
10/21/2013,4.57
10/18/2013,5.11
10/17/2013,5.16
10/16/2013,5.32
10/15/2013,4.94
10/14/2013,4.8
10/11/2013,4.6
10/10/2013,4.75
10/09/2013,4.78
10/08/2013,4.85
10/07/2013,4.95
10/04/2013,5.09
10/03/2013,5.19
10/02/2013,5.27
10/01/2013,5.14
09/30/2013,5.02
09/27/2013,5.39
09/26/2013,5.46
09/25/2013,5.37
09/24/2013,5.37
09/23/2013,5.41
09/20/2013,5.35
09/19/2013,5.35
09/18/2013,5.52
09/17/2013,5.66
09/16/2013,5.46
09/13/2013,5.39
09/12/2013,5.61
09/11/2013,5.25
09/10/2013,5.12
09/09/2013,5.3
09/06/2013,5.32
09/05/2013,4.95
09/04/2013,4.54
09/03/2013,4.4
09/02/2013,4.49
08/30/2013,4.55
08/29/2013,4.58
08/28/2013,4.59
08/27/2013,4.53
08/26/2013,4.41
08/23/2013,4.42
08/22/2013,4.51
08/21/2013,4.36
08/20/2013,4.34
08/19/2013,4.31
08/16/2013,4.34
08/15/2013,4.34
08/14/2013,4.34
08/13/2013,4.28
08/12/2013,4.3
08/09/2013,4.43
08/08/2013,4.5
08/07/2013,4.43
08/06/2013,4.49
08/05/2013,4.4
08/02/2013,4.37
08/01/2013,4.32
07/31/2013,4.31
07/30/2013,4.26
07/29/2013,4.3
07/26/2013,4.3
07/25/2013,4.27
07/24/2013,4.27
07/23/2013,4.23
07/22/2013,4.18
07/19/2013,4.16
07/18/2013,4.1
07/17/2013,4.1
07/16/2013,4.1
07/15/2013,4.03
07/12/2013,4.02
07/11/2013,4.07
07/10/2013,4.02
07/09/2013,4.14
07/08/2013,4.21
07/05/2013,4.26
07/04/2013,4.52
07/03/2013,4.66
07/02/2013,4.26
07/01/2013,4.21
06/28/2013,4.18
06/27/2013,4.4
06/26/2013,4.39
06/25/2013,4.25
06/24/2013,4.09
06/21/2013,4.35
06/20/2013,4.4
06/19/2013,4.35
06/18/2013,4.67
06/17/2013,4.55
06/14/2013,4.74
06/13/2013,4.38
06/12/2013,4.46
06/11/2013,4.16
06/10/2013,4
06/07/2013,4.07
06/06/2013,3.95
06/05/2013,3.86
06/04/2013,3.91
06/03/2013,3.87
05/31/2013,3.91
05/30/2013,3.77
05/29/2013,3.7
05/28/2013,3.6
05/27/2013,3.45
05/24/2013,3.51
05/23/2013,3.36
05/22/2013,3.28
05/21/2013,3.51
05/20/2013,3.56
05/17/2013,3.49
05/16/2013,3.65
05/15/2013,3.59
05/14/2013,3.47
05/13/2013,3.22
05/10/2013,3.33
05/09/2013,3.74
05/08/2013,3.44
05/07/2013,3.69
05/06/2013,3.86
05/03/2013,3.73
05/02/2013,3.04
05/01/2013,2.87
04/30/2013,3.07
04/29/2013,3.26
04/26/2013,3.05
04/25/2013,2.92
04/24/2013,2.98
04/23/2013,3.05
04/22/2013,2.84
04/19/2013,3.11
04/18/2013,3.02
04/17/2013,2.7
04/16/2013,3.03
04/15/2013,4.68
04/12/2013,4.7
04/11/2013,4.28
04/10/2013,4.23
04/09/2013,4.71
04/08/2013,5.12
04/05/2013,5.1
04/04/2013,4.97
04/03/2013,4.85
04/02/2013,4.87
03/28/2013,4.74
03/27/2013,4.88
03/26/2013,4.55
03/25/2013,4.42
03/22/2013,4.08
03/21/2013,4.35
03/20/2013,3.9
03/19/2013,3.45
03/18/2013,3.48
03/15/2013,3.71
03/14/2013,3.63
03/13/2013,3.45
03/12/2013,3.66
03/11/2013,3.88
03/08/2013,4.18
03/07/2013,4.24
03/06/2013,4.19
03/05/2013,4.14
03/04/2013,4.53
03/01/2013,4.57
02/28/2013,4.8
02/27/2013,4.37
02/26/2013,4.2
02/25/2013,4.47
02/22/2013,5.07
02/21/2013,5.17
02/20/2013,4.86
02/19/2013,4.56
02/18/2013,4.99
02/15/2013,5.06
02/14/2013,5.12
02/13/2013,5.1
02/12/2013,4.46
02/11/2013,4.36
02/08/2013,4.43
02/07/2013,4.09
02/06/2013,4.06
02/05/2013,4.29
02/04/2013,4.19
02/01/2013,4.21
01/31/2013,3.31
01/30/2013,3.69
01/29/2013,3.88
01/28/2013,4.07
01/25/2013,4
01/24/2013,4.21
01/23/2013,4.52
01/22/2013,5.3
01/21/2013,4.81
01/20/2013,5.09
01/18/2013,4.97
01/17/2013,5.44
01/16/2013,5.47
01/15/2013,5.88
01/14/2013,5.71
01/11/2013,5.72
01/10/2013,5.86
01/09/2013,6.02
01/08/2013,6.27
01/07/2013,6.46
01/04/2013,6.14
01/03/2013,6.2
01/02/2013,6.37
12/31/2012,6.45
12/28/2012,6.5
12/27/2012,6.84
12/26/2012,7.08
12/24/2012,6.92
12/21/2012,7
12/20/2012,7.17
12/19/2012,7.03
12/18/2012,6.7
12/17/2012,6.47
12/14/2012,6.57
12/13/2012,6.67
12/12/2012,6.75
12/11/2012,6.84
12/10/2012,7.07
12/07/2012,6.78
12/06/2012,6.39
12/05/2012,6.15
12/04/2012,5.72
12/03/2012,5.95
12/02/2012,6.2
11/30/2012,6.2
11/29/2012,6.58
11/28/2012,6.83
11/27/2012,6.85
11/26/2012,6.84
11/23/2012,7.01
11/22/2012,6.78
11/21/2012,6.77
11/20/2012,6.74
11/19/2012,6.71
11/16/2012,6.89
11/15/2012,7.12
11/14/2012,7.91
11/13/2012,8.4
11/12/2012,9.07
11/09/2012,8.32
11/08/2012,8.27
11/07/2012,8.22
11/06/2012,8.34
11/05/2012,8.25
11/02/2012,8.1
11/01/2012,8.04
10/31/2012,8.23
10/30/2012,8.13
10/29/2012,8.05
10/26/2012,7.86
10/25/2012,7.66
10/24/2012,7.65
10/23/2012,7.86
10/22/2012,7.87
10/19/2012,7.94
10/18/2012,8.04
10/17/2012,8.24
10/16/2012,7.96
10/15/2012,7.66
10/14/2012,7.85
10/12/2012,7.8
10/11/2012,7.77
10/10/2012,7.69
10/09/2012,7.86
10/08/2012,7.89
10/07/2012,7.81
10/05/2012,7.77
10/04/2012,7.6
10/03/2012,7.56
10/02/2012,7.84
10/01/2012,7.92
09/28/2012,7.93
09/27/2012,7.81
09/26/2012,7.6
09/25/2012,7.45
09/24/2012,7.22
09/21/2012,7.41
09/20/2012,7.63
09/19/2012,7.52
09/18/2012,7.4
09/17/2012,7.35
09/16/2012,7.44
09/14/2012,7.4
09/13/2012,7.75
09/12/2012,7.89
09/11/2012,7.7
09/10/2012,7.79
09/07/2012,8.33
09/06/2012,8.21
09/05/2012,8.2
09/04/2012,8.17
09/03/2012,8.22
08/31/2012,8.03
08/30/2012,7.64
08/29/2012,7.67
08/28/2012,7.93
08/27/2012,8.1
08/26/2012,8.18
08/24/2012,8.13
08/23/2012,8.12
08/22/2012,7.99
08/21/2012,7.88
08/20/2012,7.6
08/17/2012,7.66
08/16/2012,7.66
08/15/2012,7.44
08/14/2012,7.61
08/13/2012,7.45
08/10/2012,7.16
08/09/2012,7.1
08/08/2012,7.19
08/07/2012,7.27
08/06/2012,7.16
08/03/2012,7.06
08/02/2012,7.03
08/01/2012,6.92
07/31/2012,6.88
07/30/2012,6.54
07/27/2012,6.86
07/26/2012,6.92
07/25/2012,6.8
07/24/2012,7.14
07/23/2012,7.07
07/20/2012,7.08
07/19/2012,6.82
07/18/2012,7.09
07/17/2012,7.62
07/16/2012,7.51
07/13/2012,7.59
07/12/2012,7.59
07/11/2012,7.82
07/10/2012,7.87
07/09/2012,7.93
07/06/2012,7.99
07/05/2012,8.27
07/04/2012,8.21
07/03/2012,8.25
07/02/2012,8.07
07/01/2012,8.24
06/29/2012,8.2
06/28/2012,7.91
06/27/2012,7.89
06/26/2012,7.98
06/25/2012,7.98
06/22/2012,8.09
06/21/2012,7.5
06/20/2012,7.44
06/19/2012,7.5
06/18/2012,7.33
06/15/2012,7.23
06/14/2012,6.84
06/13/2012,6.71
06/12/2012,6.65
06/11/2012,6.62
06/08/2012,6.6
06/07/2012,6.45
06/06/2012,6.36
06/05/2012,6.38
06/04/2012,6.38
06/01/2012,6.38
05/31/2012,6.27
05/30/2012,6.4
05/29/2012,6.54
05/28/2012,6.68
05/25/2012,6.8
05/24/2012,6.78
05/23/2012,6.68
05/22/2012,6.88
05/21/2012,6.6
05/18/2012,6.33
05/17/2012,6.45
05/16/2012,6.5
05/15/2012,6.45
05/14/2012,6.56
05/11/2012,6.73
05/10/2012,6.65
05/09/2012,6.68
05/08/2012,6.74
05/07/2012,6.61
05/04/2012,6.6
05/03/2012,7.06
05/02/2012,7.12
05/01/2012,7.47
04/30/2012,7.48
04/27/2012,7.24
04/26/2012,7.22
04/25/2012,7.03
04/24/2012,7.07
04/23/2012,7.07
04/20/2012,7.32
04/19/2012,7.33
04/18/2012,7.2
04/17/2012,7.05
04/16/2012,6.79
04/13/2012,7.12
04/12/2012,7.06
04/11/2012,6.92
04/10/2012,6.78
04/05/2012,6.68
04/04/2012,6.08
04/03/2012,6.35
04/02/2012,6.21
03/30/2012,6.98
03/29/2012,6.71
03/28/2012,7.04
03/27/2012,7.12
03/26/2012,6.84
03/23/2012,6.87
03/22/2012,6.71
03/21/2012,7.26
03/20/2012,7.02
03/19/2012,7.62
03/16/2012,7.6
03/15/2012,7.83
03/14/2012,7.95
03/13/2012,7.62
03/12/2012,7.66
03/09/2012,7.9
03/08/2012,8.25
03/07/2012,8.4
03/06/2012,8.35
03/05/2012,8.62
03/02/2012,8.83
03/01/2012,8.65
02/29/2012,8.34
02/28/2012,8.8
02/27/2012,9.28
02/24/2012,9.19
02/23/2012,8.62
02/22/2012,8.93
02/21/2012,8.96
02/20/2012,8.54
02/17/2012,9.04
02/16/2012,8.77
02/15/2012,8.14
02/14/2012,7.89
02/13/2012,7.46
02/10/2012,7.71
02/09/2012,7.79
02/08/2012,8.12
02/07/2012,8.53
02/06/2012,8.49
02/03/2012,8.29
02/02/2012,8.53
02/01/2012,8.26
01/31/2012,7.84
01/30/2012,7.55
01/27/2012,7.97
01/26/2012,7.49
01/25/2012,7.33
01/24/2012,7.26
01/23/2012,6.86
01/20/2012,7.02
01/19/2012,7.07
01/18/2012,6.61
01/17/2012,6.48
01/16/2012,6.47
01/13/2012,6.73
01/12/2012,6.92
01/11/2012,6.75
01/10/2012,6.84
01/09/2012,6.51
01/06/2012,6.3
01/05/2012,6.43
01/04/2012,6.27
01/03/2012,6.28
01/02/2012,7.14
12/30/2011,6.97
12/29/2011,6.91
12/28/2011,7.42
12/26/2011,8.07
12/25/2011,8.07
12/23/2011,7.85
12/22/2011,7.71
12/21/2011,7.98
12/20/2011,8.54
12/19/2011,6.98
12/16/2011,6.75
12/15/2011,6.77
12/14/2011,6.45
12/13/2011,7.03
12/12/2011,7.54
12/11/2011,8.21
12/09/2011,7.84
12/08/2011,7.64
12/07/2011,7.21
12/06/2011,7.32
12/05/2011,7.31
12/02/2011,7.82
12/01/2011,7.93
11/30/2011,8.35
11/29/2011,7.98
11/28/2011,7.97
11/25/2011,7.69
11/24/2011,7.86
11/23/2011,8.42
11/22/2011,9.08
11/21/2011,8.88
11/18/2011,9.33
11/17/2011,9.63
11/16/2011,9.85
11/15/2011,10.01
11/14/2011,10.04
11/11/2011,10.11
11/10/2011,9.8
11/09/2011,9.87
11/08/2011,10.07
11/07/2011,9.93
11/04/2011,9.39
11/03/2011,9.66
11/02/2011,9.47
11/01/2011,9.85
10/31/2011,10.12
10/28/2011,10.37
10/27/2011,10.38
10/26/2011,10.07
10/25/2011,10.36
10/24/2011,10.49
10/21/2011,10.31
10/20/2011,10.14
10/19/2011,9.97
10/18/2011,10.25
10/17/2011,10.29
10/14/2011,10.36
10/13/2011,10.24
10/12/2011,10.64
10/11/2011,10.61
10/10/2011,10.66
10/07/2011,10.4
10/06/2011,10.4
10/05/2011,10.15
10/04/2011,10.02
10/03/2011,10.09
09/30/2011,10.66
09/29/2011,10.85
09/28/2011,10.42
09/27/2011,10.74
09/26/2011,10.81
09/23/2011,11.27
09/22/2011,11.25
09/21/2011,11.72
09/20/2011,11.82
09/19/2011,11.72
09/16/2011,12.06
09/15/2011,12.28
09/14/2011,12.13
09/13/2011,11.94
09/12/2011,11.81
09/09/2011,11.79
09/08/2011,12.16
09/07/2011,12.34
09/06/2011,12.09
09/05/2011,12.29
09/02/2011,12.51
09/01/2011,12.8
08/31/2011,12.84
08/30/2011,13.38
08/29/2011,13.18
08/26/2011,13.05
08/25/2011,12.88
08/24/2011,13.03
08/23/2011,12.78
08/22/2011,12.43
08/19/2011,12.36
08/18/2011,12.2
08/17/2011,12.67
08/16/2011,12.25
08/15/2011,12.34
08/12/2011,12.33
08/11/2011,12.13
08/10/2011,11.47
08/09/2011,11.3
08/08/2011,10.62
08/05/2011,10.58
08/04/2011,11.17
08/03/2011,11.3
08/02/2011,11.61
08/01/2011,11.88
07/29/2011,12.11
07/28/2011,12.37
07/27/2011,12.28
07/26/2011,12.75
07/25/2011,12.79
07/22/2011,12.84
07/21/2011,12.95
07/20/2011,12.64
07/19/2011,12.25
07/18/2011,12.08
07/15/2011,12.26
07/14/2011,12.15
07/13/2011,11.84
07/12/2011,12.25
07/11/2011,11.94
07/08/2011,12.54
07/07/2011,12.85
07/06/2011,13.01
07/05/2011,13.38
07/04/2011,13.24
07/01/2011,13.11
06/30/2011,13.36
06/29/2011,12.83
06/28/2011,13.32
06/27/2011,12.76
06/24/2011,12.07
06/23/2011,13.15
06/22/2011,14.54
06/21/2011,14.55
06/20/2011,15.02
06/17/2011,15.4
06/16/2011,15.82
06/15/2011,15.98
06/14/2011,16.21
06/13/2011,16.4
06/10/2011,16.37
06/09/2011,16.38
06/08/2011,16.21
06/07/2011,16.35
06/06/2011,16.39
06/03/2011,16.53
06/02/2011,16.46
06/01/2011,16.51
05/31/2011,16.69
05/27/2011,16.6
05/26/2011,16.05
05/25/2011,16.05
05/24/2011,16.05
05/23/2011,15.81
05/20/2011,15.99
05/19/2011,16.11
05/18/2011,16.19
05/17/2011,16.21
05/16/2011,16.55
05/13/2011,16.38
05/12/2011,16.52
05/11/2011,16.44
05/10/2011,16.56
05/09/2011,16.63
05/06/2011,16.66
05/05/2011,16.58
05/04/2011,16.7
05/03/2011,16.81
05/02/2011,17.03
04/29/2011,16.7
04/28/2011,16.77
04/27/2011,16.61
04/26/2011,16.52
04/22/2011,16.87
04/21/2011,16.5
04/20/2011,16.62
04/19/2011,16.41
04/18/2011,16.3
04/15/2011,16.69
04/14/2011,16.38
04/13/2011,16.25
04/12/2011,16.2
04/11/2011,16.36
04/08/2011,16.6
04/07/2011,16.58
04/06/2011,16.74
04/05/2011,16.62
04/04/2011,16.83
04/01/2011,16.75
03/31/2011,16.88
03/30/2011,16.66
03/29/2011,16.69
03/28/2011,16.79
03/25/2011,16.33
03/24/2011,16.06
03/23/2011,16.42
03/22/2011,16.42
03/21/2011,16.35
03/18/2011,16.76
03/17/2011,16.28
03/16/2011,16.71
03/15/2011,16.67
03/14/2011,16.02
03/11/2011,15.3
03/10/2011,15.3
03/09/2011,15.36
03/08/2011,15.31
03/07/2011,15.39
03/04/2011,15.5
03/03/2011,15.17
03/02/2011,15.2
03/01/2011,15.28
02/28/2011,15.3
02/25/2011,15.21
02/24/2011,15.05
02/23/2011,14.96
02/22/2011,15.02
02/21/2011,15.04
02/18/2011,14.63
02/17/2011,14.59
02/16/2011,14.46
02/15/2011,14.57
02/14/2011,14.67
02/11/2011,14.67
02/10/2011,14.47
02/09/2011,14.46
02/08/2011,14.49
02/07/2011,14.42
02/04/2011,14.49
02/03/2011,14.47
02/02/2011,14.76
02/01/2011,14.64
01/31/2011,14.76
01/28/2011,14.54
01/27/2011,14.51
01/26/2011,14.69
01/25/2011,14.68
01/24/2011,14.37
01/23/2011,14.49
01/21/2011,14.26
01/20/2011,14.15
01/19/2011,14.16
01/18/2011,14.39
01/17/2011,14.34
01/14/2011,14.27
01/13/2011,14.06
01/12/2011,14.03
01/11/2011,14.09
01/10/2011,14.01
01/07/2011,14.41
01/06/2011,14.47
01/05/2011,14.31
01/04/2011,14.21
01/03/2011,14.02
12/31/2010,14.02
12/30/2010,13.94
12/29/2010,14.06
12/24/2010,13.87
12/23/2010,13.86
12/22/2010,14.1
12/21/2010,13.96
12/20/2010,13.9
12/17/2010,13.98
12/16/2010,14.26
12/15/2010,14.34
12/14/2010,14.46
12/13/2010,14.53
12/12/2010,14.6
12/10/2010,14.59
12/09/2010,14.53
12/08/2010,14.67
12/07/2010,14.79
12/06/2010,14.87
12/03/2010,14.75
12/02/2010,14.67
12/01/2010,14.84
11/30/2010,14.76
11/29/2010,14.95
11/26/2010,15.08
11/25/2010,15.08
11/24/2010,15.15
11/23/2010,15.02
11/22/2010,15.08
11/19/2010,14.96
11/18/2010,14.94
11/17/2010,14.88
11/16/2010,14.63
11/15/2010,15.11
11/12/2010,14.9
11/11/2010,14.84
11/10/2010,14.49
11/09/2010,14.3
11/08/2010,14.24
11/05/2010,14.51
11/04/2010,14.38
11/03/2010,14.69
11/02/2010,14.71
11/01/2010,14.69
10/29/2010,14.63
10/28/2010,14.91
10/27/2010,15.1
10/26/2010,15
10/25/2010,15.16
10/22/2010,15.07
10/21/2010,14.86
10/20/2010,15.15
10/19/2010,15.03
10/18/2010,15.38
10/15/2010,15.45
10/14/2010,15.54
10/13/2010,15.63
10/12/2010,15.75
10/11/2010,15.84
10/08/2010,15.57
10/07/2010,15.47
10/06/2010,15.57
10/05/2010,15.57
10/04/2010,15.27
10/01/2010,15.36
09/30/2010,15.41
09/29/2010,15.65
09/28/2010,15.67
09/27/2010,15.32
09/24/2010,15.23
09/23/2010,14.83
09/22/2010,14.99
09/21/2010,14.87
09/20/2010,14.97
09/17/2010,15.26
09/16/2010,15.21
09/15/2010,15.37
09/14/2010,15.22
09/13/2010,15.25
09/12/2010,15.31
09/10/2010,15.23
09/09/2010,15.46
09/08/2010,15.56
09/07/2010,15.69
09/06/2010,15.67
09/05/2010,15.76
09/03/2010,15.69
09/02/2010,15.73
09/01/2010,15.34
08/31/2010,15.22
08/30/2010,15.39
08/29/2010,15.31
08/27/2010,15.22
08/26/2010,15.18
08/25/2010,15.32
08/24/2010,14.9
08/23/2010,14.76
08/22/2010,15.09
08/20/2010,15
08/19/2010,14.85
08/18/2010,14.33
08/17/2010,14.42
08/16/2010,14.34
08/15/2010,14.48
08/13/2010,14.42
08/12/2010,14.36
08/11/2010,14.34
08/10/2010,14.44
08/09/2010,14.51
08/08/2010,14.24
08/06/2010,14.17
08/05/2010,14.28
08/04/2010,14.27
08/03/2010,14.37
08/02/2010,14.43
08/01/2010,14.14
07/30/2010,14.08
07/29/2010,13.95
07/28/2010,13.7
07/27/2010,13.65
07/26/2010,13.46
07/25/2010,13.99
07/23/2010,13.94
07/22/2010,14.18
07/21/2010,13.87
07/20/2010,14.16
07/19/2010,14.48
07/18/2010,14.28
07/16/2010,14.19
07/15/2010,13.88
07/14/2010,13.94
07/13/2010,13.77
07/12/2010,13.99
07/11/2010,14.66
07/09/2010,14.55
07/08/2010,14.29
07/07/2010,14.74
07/06/2010,15.08
07/05/2010,15.29
07/04/2010,15.35
07/02/2010,15.29
07/01/2010,15.18
06/30/2010,15.19
06/29/2010,15.15
06/28/2010,15.29
06/25/2010,15.28
06/24/2010,15.11
06/23/2010,15.23
06/22/2010,15.2
06/21/2010,15.7
06/18/2010,15.62
06/17/2010,15.56
06/16/2010,15.42
06/15/2010,15.64
06/14/2010,15.76
06/11/2010,15.53
06/10/2010,15.37
06/09/2010,15.67
06/08/2010,15.6
06/07/2010,15.13
06/04/2010,15.25
06/03/2010,15.17
06/02/2010,15.18
06/01/2010,15.05
05/31/2010,15.02
05/28/2010,15.02
05/27/2010,15.4
05/26/2010,15.61
05/25/2010,15.11
05/24/2010,15.33
05/21/2010,14.76
05/20/2010,14.61
05/19/2010,14.63
05/18/2010,15.2
05/17/2010,15.01
05/14/2010,15.56
05/13/2010,15.73
05/12/2010,15.62
05/11/2010,15.57
05/10/2010,15.14
05/07/2010,15.42
05/06/2010,16.07
05/05/2010,15.88
05/04/2010,15.82
05/03/2010,16.42
04/30/2010,15.84
04/29/2010,15.25
04/28/2010,14.88
04/27/2010,15.15
04/26/2010,15.49
04/23/2010,14.85
04/22/2010,14.57
04/21/2010,14.57
04/20/2010,14.63
04/19/2010,14.47
04/16/2010,14.31
04/15/2010,14.04
04/14/2010,14.11
04/13/2010,13.59
04/12/2010,13.6
04/09/2010,13.59
04/08/2010,13.45
04/07/2010,13.42
04/06/2010,13.33
04/05/2010,12.98
04/01/2010,12.98
03/31/2010,12.71
03/30/2010,12.73
03/29/2010,12.67
03/26/2010,12.81
03/25/2010,12.55
03/24/2010,12.67
03/23/2010,12.79
03/22/2010,12.97
03/19/2010,12.96
03/18/2010,12.95
03/17/2010,12.88
03/16/2010,12.84
03/15/2010,12.92
03/12/2010,12.76
03/11/2010,12.85
03/10/2010,13.09
03/09/2010,12.99
03/08/2010,12.96
03/05/2010,13.16
03/04/2010,12.98
03/03/2010,13.4
03/02/2010,13.16
03/01/2010,13.19
02/26/2010,12.86
02/25/2010,12.76
02/24/2010,12.92
02/23/2010,12.58
02/22/2010,12.63
02/19/2010,12.36
02/18/2010,12.83
02/17/2010,12.79
02/16/2010,13.16
02/15/2010,13
02/12/2010,12.82
02/11/2010,13.06
02/10/2010,13.12
02/09/2010,13.41
02/08/2010,13.6
02/05/2010,13.11
02/04/2010,13.06
02/03/2010,12.59
02/02/2010,12.59
02/01/2010,12.57
01/31/2010,12.85
01/29/2010,12.71
01/28/2010,12.99
01/27/2010,13.25
01/26/2010,13.46
01/25/2010,13.28
01/22/2010,12.97
01/21/2010,13.07
01/20/2010,13.21
01/19/2010,13.63
01/18/2010,13.55
01/15/2010,13.23
01/14/2010,13.44
01/13/2010,12.94
01/12/2010,12.71
01/11/2010,13
01/08/2010,12.82
01/07/2010,12.57
01/06/2010,12.22
01/05/2010,12.52
01/04/2010,12.91
01/01/2010,12.52
12/31/2009,12.31
12/30/2009,12.45
12/29/2009,12.44
12/28/2009,12.55
12/25/2009,12.74
12/24/2009,12.55
12/23/2009,12.78
12/22/2009,12.49
12/21/2009,12.25
12/20/2009,13.6
12/18/2009,13.39
12/17/2009,13.41
12/16/2009,14.17
12/15/2009,14.47
12/14/2009,14.37
12/13/2009,14.39
12/11/2009,14.36
12/10/2009,14.17
12/09/2009,14.17
12/08/2009,14.09
12/07/2009,14.76
12/06/2009,14.12
12/04/2009,14.12
12/03/2009,13.85
12/02/2009,13.57
12/01/2009,13.49
11/30/2009,13.14
11/29/2009,13.16
11/27/2009,13.18
11/26/2009,12.93
11/25/2009,12.88
11/24/2009,12.63
11/23/2009,13.1
11/22/2009,13.1
11/20/2009,13.07
11/19/2009,13.39
11/18/2009,13.5
11/17/2009,13.35
11/16/2009,13.74
11/15/2009,13.41
11/13/2009,13.41
11/12/2009,13.31
11/11/2009,13.52
11/10/2009,13.72
11/09/2009,13.87
11/08/2009,13.97
11/06/2009,13.97
11/05/2009,14.37
11/04/2009,14.36
11/03/2009,14.39
11/02/2009,14.54
11/01/2009,14.56
10/30/2009,14.54
10/29/2009,14.75
10/28/2009,14.24
10/27/2009,14.26
10/26/2009,14.34
10/25/2009,14.39
10/23/2009,14.39
10/22/2009,14.46
10/21/2009,14.97
10/20/2009,14.58
10/19/2009,14.44
10/18/2009,14.15
10/16/2009,14.14
10/15/2009,14.22
10/14/2009,14.44
10/13/2009,14.32
10/12/2009,14.28
10/09/2009,13.78
10/08/2009,13.42
10/07/2009,13.61
10/06/2009,13.73
10/05/2009,13.12
10/02/2009,13.05
10/01/2009,13.22
09/30/2009,13.36
09/29/2009,13.1
09/28/2009,13.44
09/25/2009,13.06
09/24/2009,12.75
09/23/2009,13.29
09/22/2009,13.67
09/21/2009,13.9
09/18/2009,13.6
09/17/2009,13.56
09/16/2009,14.01
09/15/2009,14.23
09/14/2009,13.86
09/11/2009,14.53
09/10/2009,15.05
09/09/2009,15.12
09/08/2009,15.42
09/07/2009,15.29
09/04/2009,15.18
09/03/2009,15.32
09/02/2009,14.99
09/01/2009,14.77
08/31/2009,14.89
08/28/2009,15.13
08/27/2009,15.1
08/26/2009,15.14
08/25/2009,15.15
08/24/2009,15.14
08/21/2009,15.32
08/20/2009,15.07
08/19/2009,14.86
08/18/2009,14.71
08/17/2009,14.43
08/14/2009,14.32
08/13/2009,14.28
08/12/2009,14.29
08/11/2009,14.09
08/10/2009,14.13
08/07/2009,14.26
08/06/2009,14.3
08/05/2009,14.28
08/04/2009,14.54
08/03/2009,14.37
07/31/2009,13.66
07/30/2009,13.67
07/29/2009,13.56
07/28/2009,13.74
07/27/2009,14.08
07/24/2009,14.27
07/23/2009,14.39
07/22/2009,14.35
07/21/2009,14.44
07/20/2009,14.09
07/17/2009,14.02
07/16/2009,14.47
07/15/2009,14.45
07/14/2009,14.19
07/13/2009,14.61
07/10/2009,13.93
07/09/2009,13.73
07/08/2009,13.35
07/07/2009,13.1
07/06/2009,12.98
07/03/2009,12.96
07/02/2009,13.02
07/01/2009,13.13
06/30/2009,13.15
06/29/2009,13.41
06/26/2009,13.25
06/25/2009,13.32
06/24/2009,13.15
06/23/2009,12.85
06/22/2009,12.78
06/19/2009,13.15
06/18/2009,12.68
06/17/2009,12.73
06/16/2009,12.76
06/15/2009,12.19
06/12/2009,12.85
06/11/2009,13.22
06/10/2009,13.12
06/09/2009,12.99
06/08/2009,13.13
06/05/2009,13.89
06/04/2009,14.01
06/03/2009,14.1
06/02/2009,14.71
06/01/2009,14.93
05/29/2009,14.65
05/28/2009,14.92
05/27/2009,14.95
05/26/2009,14.74
05/25/2009,14.89
05/22/2009,14.89
05/21/2009,14.75
05/20/2009,14.96
05/19/2009,14.34
05/18/2009,14.09
05/15/2009,13.81
05/14/2009,14.16
05/13/2009,14.45
05/12/2009,14.87
05/11/2009,15.63
05/08/2009,15.23
05/07/2009,14.58
05/06/2009,14.27
05/05/2009,13.9
05/04/2009,14.51
05/01/2009,14.15
04/30/2009,13.92
04/29/2009,13.46
04/28/2009,13.17
04/27/2009,13.29
04/24/2009,13.5
04/23/2009,13.2
04/22/2009,13.32
04/21/2009,12.95
04/20/2009,12.87
04/17/2009,13.6
04/16/2009,13.67
04/15/2009,13.55
04/14/2009,13.9
04/13/2009,13.06
04/09/2009,13.06
04/08/2009,12.56
04/07/2009,12.12
04/06/2009,12.38
04/03/2009,12.18
04/02/2009,11.79
04/01/2009,11.9
03/31/2009,11.45
03/30/2009,10.89
03/27/2009,10.9
03/26/2009,10.62
03/25/2009,10.3
03/24/2009,10.96
03/23/2009,11.62
03/20/2009,10.96
03/19/2009,11.37
03/18/2009,11.97
03/17/2009,12.65
03/16/2009,12.28
03/13/2009,12.05
03/12/2009,11.6
03/11/2009,11.49
03/10/2009,11.78
03/09/2009,11.49
03/06/2009,10.65
03/05/2009,11.11
03/04/2009,11.47
03/03/2009,10.8
03/02/2009,9.95
02/27/2009,9.96
02/26/2009,10.43
02/25/2009,9.57
02/24/2009,9.19
02/23/2009,9.44
02/20/2009,9.76
02/19/2009,10.6
02/18/2009,9.52
02/17/2009,8.48
02/16/2009,8.27
02/13/2009,8.45
02/12/2009,8.06
02/11/2009,8.35
02/10/2009,9.17
02/09/2009,9.91
02/06/2009,9.87
02/05/2009,9.97
02/04/2009,10.18
02/03/2009,10.36
02/02/2009,11.01
01/30/2009,11.57
01/29/2009,11.61
01/28/2009,11.44
01/27/2009,11.63
01/26/2009,11.78
01/23/2009,11.4
01/22/2009,11.47
01/21/2009,11.22
01/20/2009,11.24
01/19/2009,11.34
01/16/2009,12.32
01/15/2009,12.93
01/14/2009,12.98
01/13/2009,13.45
01/12/2009,13.51
01/09/2009,14.01
01/08/2009,14.33
01/07/2009,15.02
01/06/2009,15.27
01/05/2009,14.93
01/02/2009,15.1
12/31/2008,15.45
12/30/2008,15.57
12/29/2008,15.36
12/26/2008,15.28
12/24/2008,15.28
12/23/2008,15.36
12/22/2008,15.67
12/19/2008,15.29
12/18/2008,15.26
12/17/2008,15.47
12/16/2008,15.47
12/15/2008,15.3
12/12/2008,14.88
12/11/2008,14.86
12/10/2008,14.37
12/09/2008,14.28
12/08/2008,14.45
12/05/2008,13.72
12/04/2008,14.82
12/03/2008,15.22
12/02/2008,15.36
12/01/2008,15.53
11/28/2008,15.52
11/27/2008,16.31
11/26/2008,15.63
11/25/2008,15.76
11/24/2008,15.86
11/21/2008,15.03
11/20/2008,14.92
11/19/2008,16.33
11/18/2008,16.55
11/17/2008,17.03
11/14/2008,17.43
11/13/2008,17.95
11/12/2008,17.95
11/11/2008,17.94
11/10/2008,18.51
11/07/2008,18.69
11/06/2008,18.2
11/05/2008,18.54
11/04/2008,18.94
11/03/2008,18.25
10/31/2008,17.94
10/30/2008,18.12
10/29/2008,18.45
10/28/2008,17.63
10/27/2008,17.87
10/24/2008,19.14
10/23/2008,20.19
10/22/2008,19.9
10/21/2008,21.25
10/20/2008,21.8
10/17/2008,21.68
10/16/2008,21.91
10/15/2008,22.82
10/14/2008,23.29
10/13/2008,22.84
10/10/2008,22.04
10/09/2008,22.5
10/08/2008,21.81
10/07/2008,22.25
10/06/2008,22.08
10/03/2008,23.07
10/02/2008,23.14
10/01/2008,22.83
09/30/2008,22.35
09/29/2008,23.19
09/26/2008,24.45
09/25/2008,24.67
09/24/2008,24.65
09/23/2008,25.06
09/22/2008,24.85
09/19/2008,24.68
09/18/2008,23.78
09/17/2008,23.25
09/16/2008,22.91
09/15/2008,23.03
09/12/2008,23.9
09/11/2008,23.07
09/10/2008,22.77
09/09/2008,22.86
09/08/2008,24.19
09/05/2008,24.4
09/04/2008,24.65
09/03/2008,24.45
09/02/2008,24.72
09/01/2008,24.96
08/29/2008,25.19
08/28/2008,25.17
08/27/2008,25.14
08/26/2008,24.72
08/25/2008,24.37
08/22/2008,24.58
08/21/2008,24.72
08/20/2008,24.42
08/19/2008,23.73
08/18/2008,23.59
08/15/2008,23.19
08/14/2008,23.43
08/13/2008,23.67
08/12/2008,23.31
08/11/2008,22.65
08/08/2008,22.61
08/07/2008,22.82
08/06/2008,22.26
08/05/2008,21.67
08/04/2008,21.21
08/01/2008,21.38
07/31/2008,22.06
07/30/2008,22.7
07/29/2008,23.63
07/28/2008,24.41
07/25/2008,24.94
07/24/2008,25.14
07/23/2008,24.74
07/22/2008,24.67
07/21/2008,24.49
07/18/2008,24.5
07/17/2008,25.76
07/16/2008,25.03
07/15/2008,26.32
07/14/2008,27.26
07/11/2008,27.45
07/10/2008,26.68
07/09/2008,26.02
07/08/2008,25.79
07/07/2008,27.51
07/04/2008,27.64
07/03/2008,27.45
07/02/2008,27.99
07/01/2008,29.33
06/30/2008,28.77
06/27/2008,28.34
06/26/2008,27.88
06/25/2008,27.59
06/24/2008,27.78
06/23/2008,27.77
06/20/2008,27.41
06/19/2008,27.64
06/18/2008,27.5
06/17/2008,27.24
06/16/2008,27.13
06/13/2008,27
06/12/2008,27.16
06/11/2008,27.32
06/10/2008,27.2
06/09/2008,27.49
06/06/2008,27.54
06/05/2008,26.44
06/04/2008,26.6
06/03/2008,27.13
06/02/2008,26.34
05/30/2008,26.1
05/29/2008,26.59
05/28/2008,26.19
05/27/2008,26.34
05/26/2008,26.38
05/23/2008,26.11
05/22/2008,26.06
05/21/2008,25.73
05/20/2008,25.36
05/19/2008,25.31
05/16/2008,24.89
05/15/2008,24.68
05/14/2008,24.46
05/13/2008,25.04
05/12/2008,25.39
05/09/2008,25.17
05/08/2008,24.91
05/07/2008,25.03
05/06/2008,25.31
05/02/2008,24.5
05/01/2008,23.56
04/30/2008,23.88
04/29/2008,24.19
04/28/2008,24.63
04/25/2008,24.74
04/24/2008,24.51
04/23/2008,25
04/22/2008,25.34
04/21/2008,25.23
04/18/2008,24.51
04/17/2008,24.69
04/16/2008,24.8
04/15/2008,25.14
04/14/2008,25
04/11/2008,24.38
04/10/2008,24.44
04/09/2008,23.69
04/08/2008,23.51
04/07/2008,23.82
04/04/2008,23.31
04/03/2008,23.47
04/02/2008,23.42
04/01/2008,22.52
03/31/2008,22.27
03/28/2008,21.76
03/27/2008,22.26
03/26/2008,22.51
03/25/2008,22.54
03/20/2008,21.97
03/19/2008,21.56
03/18/2008,21.66
03/17/2008,21.43
03/14/2008,22.21
03/13/2008,22.55
03/12/2008,21.95
03/11/2008,21.86
03/10/2008,21.66
03/07/2008,21.38
03/06/2008,21.35
03/05/2008,21.24
03/04/2008,20.67
03/03/2008,20.88
02/29/2008,21.31
02/28/2008,21.16
02/27/2008,21.26
02/26/2008,21.35
02/25/2008,21.59
02/22/2008,21.48
02/21/2008,21.7
02/20/2008,21.5
02/19/2008,21.64
02/18/2008,20.93
02/15/2008,20.87
02/14/2008,20.72
02/13/2008,19.93
02/12/2008,19.97
02/11/2008,20.16
02/08/2008,20.39
02/07/2008,20.44
02/06/2008,19.97
02/05/2008,18.84
02/04/2008,19.19
02/01/2008,19.22
01/31/2008,19.1
01/30/2008,20.08
01/29/2008,20.7
01/28/2008,20.65
01/25/2008,21.04
01/24/2008,19.76
01/23/2008,20.03
01/22/2008,20.31
01/21/2008,20.84
01/18/2008,22.28
01/17/2008,22.23
01/16/2008,22.75
01/15/2008,23.17
01/14/2008,23.41
01/11/2008,23.11
01/10/2008,23.11
01/09/2008,23.42
01/08/2008,23.7
01/07/2008,23.66
01/04/2008,23.55
01/03/2008,23.54
01/02/2008,22.92
12/31/2007,22.41
12/28/2007,22.21
12/27/2007,21.87
12/24/2007,22
12/21/2007,21.93
12/20/2007,22.3
12/19/2007,22.45
12/17/2007,0.01
12/14/2007,0.03
12/13/2007,0.03
12/12/2007,0.03
12/11/2007,0.03
12/10/2007,0.03
12/07/2007,0.03
12/06/2007,0.03
12/05/2007,0.03
12/04/2007,0.03
12/03/2007,0.03
11/30/2007,0.01
11/29/2007,0.04
11/28/2007,0.06
11/27/2007,0.07
11/26/2007,0.07
11/23/2007,0.08
11/22/2007,0.08
11/21/2007,0.07
11/20/2007,0.07
11/19/2007,0.08
11/16/2007,0.08
11/15/2007,0.09
11/14/2007,0.09
11/13/2007,0.1
11/12/2007,0.1
11/09/2007,0.1
11/08/2007,0.11
11/07/2007,0.1
11/06/2007,0.07
11/05/2007,0.07
11/02/2007,0.08
11/01/2007,0.08
10/31/2007,0.09
10/30/2007,0.07
10/29/2007,0.07
10/26/2007,0.07
10/25/2007,0.07
10/24/2007,0.07
10/23/2007,0.07
10/22/2007,0.07
10/19/2007,0.07
10/18/2007,0.07
10/17/2007,0.07
10/16/2007,0.07
10/15/2007,0.07
10/12/2007,0.07
10/11/2007,0.07
10/10/2007,0.07
10/09/2007,0.07
10/08/2007,0.07
10/05/2007,0.11
10/04/2007,0.07
10/03/2007,0.07
10/02/2007,0.08
10/01/2007,0.07
09/28/2007,0.08
09/27/2007,0.08
09/26/2007,0.08
09/25/2007,0.08
09/24/2007,0.08
09/21/2007,0.08
09/20/2007,0.08
09/19/2007,0.08
09/18/2007,0.06
09/17/2007,0.07
09/14/2007,0.07
09/13/2007,0.07
09/12/2007,0.09
09/11/2007,0.08
09/10/2007,0.09
09/07/2007,0.1
09/06/2007,0.1
09/05/2007,0.1
09/04/2007,0.1
09/03/2007,0.1
08/31/2007,0.1
08/30/2007,0.11
08/29/2007,0.1
08/28/2007,0.11
08/27/2007,0.11
08/24/2007,0.11
08/23/2007,0.11
08/22/2007,0.11
08/21/2007,0.11
08/20/2007,0.11
08/17/2007,0.11
08/16/2007,0.11
08/15/2007,0.11
08/14/2007,0.11
08/13/2007,0.1
08/10/2007,0.1
08/09/2007,0.1
08/08/2007,0.1
08/07/2007,0.09
08/06/2007,0.09
08/03/2007,0.09
08/02/2007,0.09
08/01/2007,0.11
07/31/2007,0.12
07/30/2007,0.11
07/27/2007,0.12
07/26/2007,0.12
07/25/2007,0.12
07/24/2007,0.12
07/23/2007,0.12
07/20/2007,0.13
07/19/2007,0.12
07/18/2007,0.13
07/17/2007,0.14
07/16/2007,0.13
07/13/2007,0.13
07/12/2007,0.13
07/11/2007,0.14
07/10/2007,0.14
07/09/2007,0.14
07/06/2007,0.15
07/05/2007,0.14
07/04/2007,0.13
07/03/2007,0.13
07/02/2007,0.14
06/29/2007,0.13
06/28/2007,0.14
06/27/2007,0.13
06/26/2007,0.13
06/25/2007,0.11
06/22/2007,0.12
06/21/2007,0.12
06/20/2007,0.13
06/19/2007,0.14
06/18/2007,0.14
06/15/2007,0.17
06/14/2007,0.19
06/13/2007,0.22
06/12/2007,0.24
06/11/2007,0.25
06/08/2007,0.27
06/07/2007,0.27
06/06/2007,0.29
06/05/2007,0.28
06/04/2007,0.29
06/01/2007,0.29
05/31/2007,0.29
05/30/2007,0.27
05/29/2007,0.27
05/28/2007,0.3
05/25/2007,0.29
05/24/2007,0.29
05/23/2007,0.29
05/22/2007,0.29
05/21/2007,0.3
05/18/2007,0.28
05/17/2007,0.3
05/16/2007,0.33
05/15/2007,0.29
05/14/2007,0.33
05/11/2007,0.32
05/10/2007,0.3
05/09/2007,0.4
05/08/2007,0.47
05/07/2007,0.53
05/04/2007,0.54
05/03/2007,0.54
05/02/2007,0.56
05/01/2007,0.58
04/30/2007,0.53
04/27/2007,0.53
04/26/2007,0.54
04/25/2007,0.64
04/24/2007,0.68
04/23/2007,0.68
04/20/2007,0.63
04/19/2007,0.51
04/18/2007,0.56
04/17/2007,0.68
04/16/2007,0.72
04/13/2007,0.76
04/12/2007,0.8
04/11/2007,0.8
04/10/2007,0.83
04/09/2007,0.83
04/05/2007,0.83
04/04/2007,0.85
04/03/2007,0.9
04/02/2007,1.03
03/30/2007,1.31
03/29/2007,1.36
03/28/2007,1.2
03/27/2007,1.04
03/26/2007,1
03/23/2007,1
03/22/2007,1
03/21/2007,1.05
03/20/2007,1.05
03/19/2007,1.05
03/16/2007,1.2
03/15/2007,1.25
03/14/2007,1.25
03/13/2007,1.25
03/12/2007,1.35
03/09/2007,1.35
03/08/2007,1.15
03/07/2007,1.15
03/06/2007,1.05
03/05/2007,1
03/02/2007,1.1
03/01/2007,1
02/28/2007,0.95
02/27/2007,1
02/26/2007,1
02/23/2007,0.95
02/22/2007,0.9
02/21/2007,0.95
02/20/2007,0.9
02/19/2007,0.8
02/16/2007,1.15
02/15/2007,1.15
02/14/2007,1.2
02/13/2007,1.25
02/12/2007,1.3
02/09/2007,1.65
02/08/2007,1.5
02/07/2007,1.35
02/06/2007,1.5
02/05/2007,1.8
02/02/2007,2
02/01/2007,2.25
01/31/2007,2.35
01/30/2007,2.45
01/29/2007,2.5
01/26/2007,3.05
01/25/2007,3.3
01/24/2007,3.45
01/23/2007,3.8
01/22/2007,3.9
01/19/2007,4
01/18/2007,4
01/17/2007,4.1
01/16/2007,4.25
01/15/2007,4.05
01/12/2007,4.05
01/11/2007,4
01/10/2007,3.85
01/09/2007,3.5
01/08/2007,3.95
01/05/2007,4.8
01/04/2007,4.85
01/03/2007,4.85
01/02/2007,5.6
12/29/2006,6.6
12/28/2006,6.7
12/27/2006,6.7
12/26/2006,6.95
12/22/2006,6.95
12/21/2006,6.8
12/20/2006,6.6
12/19/2006,6.65
12/18/2006,6.7
12/15/2006,6.6
12/14/2006,6.6
12/13/2006,6.6
12/12/2006,6.85
12/11/2006,7.1
12/08/2006,7.3
12/07/2006,7.55
12/06/2006,7.1
12/05/2006,6.85
12/04/2006,7.25
12/01/2006,7.65
11/30/2006,8.2
11/29/2006,8.4
11/28/2006,8.9
11/27/2006,9.2
11/24/2006,9.2
11/23/2006,9
11/22/2006,8.9
11/21/2006,9.1
11/20/2006,9
11/17/2006,8.75
11/16/2006,8.9
11/15/2006,9.25
11/14/2006,9.4
11/13/2006,8.7
11/10/2006,8.95
11/09/2006,9.7
11/08/2006,9.7
11/07/2006,9.65
11/06/2006,10.55
11/03/2006,10.8
11/02/2006,10.95
11/01/2006,11.25
10/31/2006,11.25
10/30/2006,11.05
10/27/2006,12.15
10/26/2006,12.4
10/25/2006,12.35
10/24/2006,12.8
10/23/2006,12.75
10/20/2006,13.05
10/19/2006,13.05
10/18/2006,13.15
10/17/2006,13
10/16/2006,12.8
10/13/2006,12.75
10/12/2006,12.65
10/11/2006,12.75
10/10/2006,12.75
10/09/2006,12.65
10/06/2006,12.4
10/05/2006,12.45
10/04/2006,12.3
10/03/2006,12.3
10/02/2006,12.5
09/29/2006,13.3
09/28/2006,12.9
09/27/2006,12.45
09/26/2006,12.35
09/25/2006,13.25
09/22/2006,13.85
09/21/2006,14
09/20/2006,14.7
09/19/2006,16.25
09/18/2006,16.75
09/15/2006,16.75
09/14/2006,16.8
09/13/2006,16.8
09/12/2006,16.9
09/11/2006,16.8
09/08/2006,16.95
09/07/2006,17.05
09/06/2006,17.15
09/05/2006,17.1
09/04/2006,16.9
09/01/2006,16.5
08/31/2006,16.5
08/30/2006,16.3
08/29/2006,16.6
08/28/2006,16.9
08/25/2006,17
08/24/2006,16.9
08/23/2006,17.4
08/22/2006,17.6
08/21/2006,17.35
08/18/2006,16.55
08/17/2006,16.45
08/16/2006,16.4
08/15/2006,16.25
08/14/2006,16.25
08/11/2006,16.5
08/10/2006,16.3
08/09/2006,16.5
08/08/2006,16.55
08/07/2006,16.45
08/04/2006,15.9
08/03/2006,16.6
08/02/2006,17.15
08/01/2006,17.05
07/31/2006,16.85
07/28/2006,16.9
07/27/2006,17.35
07/26/2006,17.15
07/25/2006,17
07/24/2006,17.3
07/21/2006,17.4
07/20/2006,17.55
07/19/2006,17.2
07/18/2006,17.7
07/17/2006,18.05
07/14/2006,17.5
07/13/2006,17.15
07/12/2006,17.05
07/11/2006,17.1
07/10/2006,16.95
07/07/2006,16.8
07/06/2006,17.05
07/05/2006,16.65
07/04/2006,16.85
07/03/2006,16.85
06/30/2006,16.55
06/29/2006,16.55
06/28/2006,16.2
06/27/2006,15.75
06/26/2006,15.6
06/23/2006,16.05
06/22/2006,16.15
06/21/2006,16.05
06/20/2006,16.6
06/19/2006,15.9
06/16/2006,15.65
06/15/2006,15.5
06/14/2006,15.5
06/13/2006,15.5
06/12/2006,15.6
06/09/2006,14.6
06/08/2006,14.6
06/07/2006,15.6
06/06/2006,16.3
06/05/2006,16.65
06/02/2006,17.05
06/01/2006,17
05/31/2006,17.4
05/30/2006,18.5
05/26/2006,19.55
05/25/2006,19.85
05/24/2006,19.75
05/23/2006,20.45
05/22/2006,18.95
05/19/2006,16.95
05/18/2006,16.25
05/17/2006,16.25
05/16/2006,17.35
05/15/2006,15.75
05/12/2006,9.8
05/11/2006,13.4
05/10/2006,13.65
05/09/2006,12.75
05/08/2006,12.65
05/05/2006,13.2
05/04/2006,14.85
05/03/2006,12.85
05/02/2006,11.95
05/01/2006,13.95
04/28/2006,14.25
04/27/2006,17.3
04/26/2006,20.75
04/25/2006,28.3
04/24/2006,30.95
04/21/2006,30.75
04/20/2006,30.95
04/19/2006,31.5
04/18/2006,31.5
04/17/2006,30.3
04/13/2006,30.15
04/12/2006,30.35
04/11/2006,30.45
04/10/2006,30
04/07/2006,29.85
04/06/2006,30.35
04/05/2006,29.8
04/04/2006,28.85
04/03/2006,28.35
03/31/2006,28.4
03/30/2006,28.35
03/29/2006,28.2
03/28/2006,27.95
03/27/2006,27.8
03/24/2006,27.95
03/23/2006,28.2
03/22/2006,28.15
03/21/2006,28.1
03/20/2006,28.15
03/17/2006,27.95
03/16/2006,27.7
03/15/2006,28.05
03/14/2006,28.25
03/13/2006,28.45
03/10/2006,27.9
03/09/2006,27.7
03/08/2006,27.75
03/07/2006,27.6
03/06/2006,28.05
03/03/2006,28.05
03/02/2006,28.15
03/01/2006,27.85
02/28/2006,27.4
02/27/2006,27.2
02/24/2006,27.65
02/23/2006,27.65
02/22/2006,28.2
02/21/2006,28.3
02/20/2006,28.1
02/17/2006,27.7
02/16/2006,27.95
02/15/2006,27.6
02/14/2006,27.35
02/13/2006,27.2
02/10/2006,27.3
02/09/2006,27.45
02/08/2006,27.15
02/07/2006,27.65
02/06/2006,28.7
02/03/2006,28.85
02/02/2006,28.55
02/01/2006,28.05
01/31/2006,27.55
01/30/2006,27.5
01/27/2006,26.9
01/26/2006,27.45
01/25/2006,26.7
01/24/2006,26.35
01/23/2006,26.9
01/20/2006,27.9
01/19/2006,26.65
01/18/2006,26.45
01/17/2006,25.25
01/16/2006,24.05
01/13/2006,24
01/12/2006,24
01/11/2006,23.8
01/10/2006,23.8
01/09/2006,23.7
01/06/2006,24
01/05/2006,23.45
01/04/2006,23.05
01/03/2006,22.75
12/30/2005,22.1
12/29/2005,22.05
12/28/2005,21.85
12/27/2005,21.65
12/23/2005,21.35
12/22/2005,21.65
12/21/2005,21.85
12/20/2005,21.95
12/19/2005,22.1
12/16/2005,22.1
12/15/2005,22.4
12/14/2005,22.45
12/13/2005,22.7
12/12/2005,22.35
12/09/2005,21.7
12/08/2005,22.05
12/07/2005,22.9
12/06/2005,23.4
12/05/2005,22.7
12/02/2005,21.8
12/01/2005,20.55
11/30/2005,20.15
11/29/2005,19.9
11/28/2005,20.5
11/25/2005,20.15
11/24/2005,19.9
11/23/2005,21.6
11/22/2005,22.2
11/21/2005,21.7
11/18/2005,21.65
11/17/2005,22.45
11/16/2005,22.75
11/15/2005,22.9
11/14/2005,23.15
11/11/2005,22.7
11/10/2005,22.7
11/09/2005,22.5
11/08/2005,22.05
11/07/2005,21.6
11/04/2005,21.35
11/03/2005,21.25
11/02/2005,21.35
11/01/2005,21.75
10/31/2005,21.9
10/28/2005,22.1
10/27/2005,21.85
10/26/2005,21.65
10/25/2005,21.4
10/24/2005,21.45
10/21/2005,21.8
10/20/2005,22.1
10/19/2005,22.4
10/18/2005,22.85
10/17/2005,23.1
10/14/2005,23.05
10/13/2005,23.45
10/12/2005,23.5
10/11/2005,23.15
10/10/2005,23.05
10/07/2005,23.05
10/06/2005,23.6
10/05/2005,23.8
10/04/2005,23.3
10/03/2005,22.75
09/30/2005,22.85
09/29/2005,22.9
09/28/2005,22.75
09/27/2005,22.05
09/26/2005,21.6
09/23/2005,22.05
09/22/2005,22.3
09/21/2005,22
09/20/2005,22.05
09/19/2005,22.6
09/16/2005,22.05
09/15/2005,22.7
09/14/2005,22.45
09/13/2005,21.75
09/12/2005,22.25
09/09/2005,23.75
09/08/2005,24.35
09/07/2005,24.7
09/06/2005,24.65
09/05/2005,24.75
09/02/2005,24.75
09/01/2005,24.4
08/31/2005,23.95
08/30/2005,23.65
08/26/2005,23.55
08/25/2005,23.35
08/24/2005,23.1
08/23/2005,23.1
08/22/2005,23.05
08/19/2005,22.9
08/18/2005,22.75
08/17/2005,22.8
08/16/2005,22.45
08/15/2005,22.4
08/12/2005,22.8
08/11/2005,22.55
08/10/2005,22.45
08/09/2005,22.45
08/08/2005,21.75
08/05/2005,21.25
08/04/2005,20.5
08/03/2005,20.7
08/02/2005,20.7
08/01/2005,21.45
07/29/2005,22.35
07/28/2005,22.05
07/27/2005,22.05
07/26/2005,20.8
07/25/2005,20.15
07/22/2005,20.1
07/21/2005,20.35
07/20/2005,20.9
07/19/2005,24.55
07/18/2005,24.7
07/15/2005,24.3
07/14/2005,24
07/13/2005,27.95
07/12/2005,29.45
07/11/2005,29.9
07/08/2005,29.7
07/07/2005,29.4
07/06/2005,29.3
07/05/2005,28.85
07/04/2005,29.45
07/01/2005,26.9
06/30/2005,25.8
06/29/2005,25.45
06/28/2005,24.5
06/27/2005,23.95
06/24/2005,24
06/23/2005,23.4
06/22/2005,23.2
06/21/2005,23
06/20/2005,22.95
06/17/2005,21.5
06/16/2005,20.6
06/15/2005,20.1
06/14/2005,19.9
06/13/2005,19.85
06/10/2005,19.65
06/09/2005,19.65
06/08/2005,19.8
06/07/2005,19.6
06/06/2005,19.3
06/03/2005,19.1
06/02/2005,19.5
06/01/2005,19.6
05/31/2005,19.9
05/27/2005,19.65
05/26/2005,19.75
05/25/2005,19.95
05/24/2005,19.1
05/23/2005,18.5
05/20/2005,18.75
05/19/2005,18
05/18/2005,17.45
05/17/2005,17.2
05/16/2005,16.9
05/13/2005,16.8
05/12/2005,16.75
05/11/2005,16.9
05/10/2005,17.1
05/09/2005,17
05/06/2005,16.6
05/05/2005,16.6
05/04/2005,16.2
05/03/2005,16.25
04/29/2005,16.5
04/28/2005,16
04/27/2005,16.45
04/26/2005,17.2
04/25/2005,17.55
